case,hand,action,gtopen_percent,wizard_percent,wizard_action_ev_bb,local_regret_bb,gtopen_incoming_weight,wizard_incoming_weight
nl25-utg-open,AA,Fold,9.98492e-08,0.0,0.0,2.2063351465817505e-06,1.0,1
nl25-utg-open,AA,Raise 6,99.999666,99.98,18.79,2.2063351465817505e-06,1.0,1
nl25-utg-open,AA,Allin 200,0.00033215724,0.02,18.23,2.2063351465817505e-06,1.0,1
nl25-utg-open,A5s,Fold,0.010484032,0.0,0.0,1.0611736887503054e-05,1.0,1
nl25-utg-open,A5s,Raise 6,99.989516,100.0,0.1,1.0611736887503054e-05,1.0,1
nl25-utg-open,A5s,Allin 200,2.0437902e-06,0.0,-6.25,1.0611736887503054e-05,1.0,1
nl25-utg-open,KQo,Fold,0.58643725,0.0,0.0,0.0005282646654528877,1.0,1
nl25-utg-open,KQo,Raise 6,99.41355,100.0,0.09,0.0005282646654528877,1.0,1
nl25-utg-open,KQo,Allin 200,5.0181818e-06,0.0,-9.16,0.0005282646654528877,1.0,1
nl25-utg-open,QJs,Fold,0.008036179,0.0,0.0,1.869392298299577e-06,1.0,1
nl25-utg-open,QJs,Raise 6,99.99196,100.0,0.02,1.869392298299577e-06,1.0,1
nl25-utg-open,QJs,Allin 200,2.9636315e-06,0.0,-8.82,1.869392298299577e-06,1.0,1
nl25-utg-open,99,Fold,0.00128993415,27.21,0.0,1.6453490746e-06,1.0,1
nl25-utg-open,99,Raise 6,99.99869,72.79,0.0,1.6453490746e-06,1.0,1
nl25-utg-open,99,Allin 200,2.4125353000000003e-05,0.0,-6.82,1.6453490746e-06,1.0,1
nl25-utg-open,88,Fold,0.0043653705,65.63,0.0,1.04585762e-06,1.0,1
nl25-utg-open,88,Raise 6,99.99562,34.37,0.0,1.04585762e-06,1.0,1
nl25-utg-open,88,Allin 200,1.4606949999999999e-05,0.0,-7.16,1.04585762e-06,1.0,1
nl25-utg-open,55,Fold,0.423443,79.12,0.0,3.18299982e-07,1.0,1
nl25-utg-open,55,Raise 6,99.57655,20.88,0.0,3.18299982e-07,1.0,1
nl25-utg-open,55,Allin 200,4.133766e-06,0.0,-7.7,3.18299982e-07,1.0,1
nl25-utg-open,76s,Fold,22.440729,90.92,0.0,6.932917247999999e-08,1.0,1
nl25-utg-open,76s,Raise 6,77.55927,9.08,0.0,6.932917247999999e-08,1.0,1
nl25-utg-open,76s,Allin 200,7.344192e-07,0.0,-9.44,6.932917247999999e-08,1.0,1
nl25-lj-vs-utg,AA,Fold,7.488691e-08,0.0,0.0,3.877098873772411e-05,1.0,1
nl25-lj-vs-utg,AA,Call,0.00040502569999999996,0.0,30.08,3.877098873772411e-05,1.0,1
nl25-lj-vs-utg,AA,Raise 18,99.9966,99.97,35.27,3.877098873772411e-05,1.0,1
nl25-lj-vs-utg,AA,Allin 200,0.0029930181,0.03,34.7,3.877098873772411e-05,1.0,1
nl25-lj-vs-utg,A5s,Fold,99.99844399999999,7.980000000000001,0.0,0.009999919526441,1.0,1
nl25-lj-vs-utg,A5s,Call,0.0003505,8.69,0.0,0.009999919526441,1.0,1
nl25-lj-vs-utg,A5s,Raise 18,0.0011974274,83.33,0.01,0.009999919526441,1.0,1
nl25-lj-vs-utg,A5s,Allin 200,5.1669975e-07,0.0,-7.6,0.009999919526441,1.0,1
nl25-lj-vs-utg,KQo,Fold,99.999493,100.0,0.0,2.19336594624e-06,1.0,1
nl25-lj-vs-utg,KQo,Call,0.00043660907,0.0,-0.47,2.19336594624e-06,1.0,1
nl25-lj-vs-utg,KQo,Raise 18,6.947316e-05,0.0,-0.03,2.19336594624e-06,1.0,1
nl25-lj-vs-utg,KQo,Allin 200,8.678773e-07,0.0,-13.88,2.19336594624e-06,1.0,1
nl25-lj-vs-utg,QJs,Fold,99.98713000000001,100.0,0.0,7.0561553584077e-05,1.0,1
nl25-lj-vs-utg,QJs,Call,0.0011742938,0.0,-0.13,7.0561553584077e-05,1.0,1
nl25-lj-vs-utg,QJs,Raise 18,0.01169654,0.0,-0.59,7.0561553584077e-05,1.0,1
nl25-lj-vs-utg,QJs,Allin 200,2.0455797000000002e-07,0.0,-12.41,7.0561553584077e-05,1.0,1
nl25-lj-vs-utg,99,Fold,0.00912331,86.04,0.0,0.010003113190926,1.0,1
nl25-lj-vs-utg,99,Call,0.056412973000000005,8.47,0.0,0.010003113190926,1.0,1
nl25-lj-vs-utg,99,Raise 18,99.934316,5.49,-0.01,0.010003113190926,1.0,1
nl25-lj-vs-utg,99,Allin 200,0.00015103886,0.0,-6.41,0.010003113190926,1.0,1
nl25-lj-vs-utg,88,Fold,53.36413399999999,81.45,0.0,0.004666820828266,1.0,1
nl25-lj-vs-utg,88,Call,0.21620924000000002,12.19,-0.01,0.004666820828266,1.0,1
nl25-lj-vs-utg,88,Raise 18,46.419612,6.36,-0.01,0.004666820828266,1.0,1
nl25-lj-vs-utg,88,Allin 200,4.914574e-05,0.0,-6.59,0.004666820828266,1.0,1
nl25-lj-vs-utg,55,Fold,99.99991,96.58,0.0,1.4185322839000001e-07,1.0,1
nl25-lj-vs-utg,55,Call,7.93737e-05,3.42,0.0,1.4185322839000001e-07,1.0,1
nl25-lj-vs-utg,55,Raise 18,5.7586462e-06,0.0,-0.29,1.4185322839000001e-07,1.0,1
nl25-lj-vs-utg,55,Allin 200,1.6445881e-06,0.0,-7.61,1.4185322839000001e-07,1.0,1
nl25-lj-vs-utg,76s,Fold,99.99690700000001,84.71,0.0,1.4659347807e-05,1.0,1
nl25-lj-vs-utg,76s,Call,0.0025447043,3.2,-0.02,1.4659347807e-05,1.0,1
nl25-lj-vs-utg,76s,Raise 18,0.00039930947,12.09,-0.01,1.4659347807e-05,1.0,1
nl25-lj-vs-utg,76s,Allin 200,0.00014110476,0.0,-10.0,1.4659347807e-05,1.0,1
nl25-sb-vs-utg,AA,Fold,7.4886997e-08,0.0,0.0,7.720132989774697e-05,1.0,1
nl25-sb-vs-utg,AA,Call,0.00060165476,0.0,19.43,7.720132989774697e-05,1.0,1
nl25-sb-vs-utg,AA,Raise 24,99.99862,99.95,31.7,7.720132989774697e-05,1.0,1
nl25-sb-vs-utg,AA,Allin 200,0.0007842641,0.05,31.03,7.720132989774697e-05,1.0,1
nl25-sb-vs-utg,A5s,Fold,99.9688,0.44,0.0,0.009999009824730001,1.0,1
nl25-sb-vs-utg,A5s,Call,0.005703962999999999,1.28,0.01,0.009999009824730001,1.0,1
nl25-sb-vs-utg,A5s,Raise 24,0.025451093,98.27,0.01,0.009999009824730001,1.0,1
nl25-sb-vs-utg,A5s,Allin 200,2.993423e-05,0.0,-7.1,0.009999009824730001,1.0,1
nl25-sb-vs-utg,KQo,Fold,99.999726,100.0,0.0,1.4799325512e-06,1.0,1
nl25-sb-vs-utg,KQo,Call,0.00021693192999999998,0.0,-0.43,1.4799325512e-06,1.0,1
nl25-sb-vs-utg,KQo,Raise 24,5.3806919999999996e-05,0.0,-0.14,1.4799325512e-06,1.0,1
nl25-sb-vs-utg,KQo,Allin 200,3.9948819999999996e-06,0.0,-11.81,1.4799325512e-06,1.0,1
nl25-sb-vs-utg,QJs,Fold,0.083068083,100.0,0.0,0.519533353989856,1.0,1
nl25-sb-vs-utg,QJs,Call,0.011807796,0.0,-0.18,0.519533353989856,1.0,1
nl25-sb-vs-utg,QJs,Raise 24,99.905074,0.0,-0.52,0.519533353989856,1.0,1
nl25-sb-vs-utg,QJs,Allin 200,5.134912e-05,0.0,-11.13,0.519533353989856,1.0,1
nl25-sb-vs-utg,99,Fold,0.00065630193,94.63,0.0,0.0014275623835656001,1.0,1
nl25-sb-vs-utg,99,Call,92.866176,1.8900000000000001,0.0,0.0014275623835656001,1.0,1
nl25-sb-vs-utg,99,Raise 24,7.133146,3.4799999999999995,-0.02,0.0014275623835656001,1.0,1
nl25-sb-vs-utg,99,Allin 200,1.6314398e-05,0.0,-5.72,0.0014275623835656001,1.0,1
nl25-sb-vs-utg,88,Fold,0.0052907413,86.6,0.0,0.0100007913215044,1.0,1
nl25-sb-vs-utg,88,Call,99.98869,2.6,-0.01,0.0100007913215044,1.0,1
nl25-sb-vs-utg,88,Raise 24,0.0059979928,10.8,-0.01,0.0100007913215044,1.0,1
nl25-sb-vs-utg,88,Allin 200,2.3658716e-05,0.0,-5.59,0.0100007913215044,1.0,1
nl25-sb-vs-utg,55,Fold,99.99574,98.91,0.0,1.256092319e-06,1.0,1
nl25-sb-vs-utg,55,Call,0.0040028814999999995,1.09,-0.01,1.256092319e-06,1.0,1
nl25-sb-vs-utg,55,Raise 24,0.00025604645,0.0,-0.21,1.256092319e-06,1.0,1
nl25-sb-vs-utg,55,Allin 200,4.9704159999999995e-06,0.0,-6.4,1.256092319e-06,1.0,1
nl25-sb-vs-utg,76s,Fold,99.995553,90.52,0.0,8.971535353650001e-07,1.0,1
nl25-sb-vs-utg,76s,Call,0.0016351410000000001,0.32,-0.02,8.971535353650001e-07,1.0,1
nl25-sb-vs-utg,76s,Raise 24,0.0028152423,9.17,-0.02,8.971535353650001e-07,1.0,1
nl25-sb-vs-utg,76s,Allin 200,7.488757e-08,0.0,-9.45,8.971535353650001e-07,1.0,1
nl25-bb-vs-utg,AA,Fold,7.488699e-08,0.0,0.0,2.6425823907771928e-05,1.0,1
nl25-bb-vs-utg,AA,Call,8.623973e-06,0.0,16.7,2.6425823907771928e-05,1.0,1
nl25-bb-vs-utg,AA,Raise 27,99.998564,99.95,31.53,2.6425823907771928e-05,1.0,1
nl25-bb-vs-utg,AA,Allin 200,0.0014306558,0.05,29.7,2.6425823907771928e-05,1.0,1
nl25-bb-vs-utg,A5s,Fold,0.0018358924000000001,0.14,0.0,0.009950289947485001,1.0,1
nl25-bb-vs-utg,A5s,Call,99.3227,11.47,0.05,0.009950289947485001,1.0,1
nl25-bb-vs-utg,A5s,Raise 27,0.6752038,88.39,0.06,0.009950289947485001,1.0,1
nl25-bb-vs-utg,A5s,Allin 200,0.00025591187,0.0,-6.55,0.009950289947485001,1.0,1
nl25-bb-vs-utg,KQo,Fold,99.35588,100.0,0.0,0.0008983382116673302,1.0,1
nl25-bb-vs-utg,KQo,Call,0.63851764,0.0,-0.14,0.0008983382116673302,1.0,1
nl25-bb-vs-utg,KQo,Raise 27,0.0055885757,0.0,-0.07,0.0008983382116673302,1.0,1
nl25-bb-vs-utg,KQo,Allin 200,4.4737973e-06,0.0,-11.21,0.0008983382116673302,1.0,1
nl25-bb-vs-utg,QJs,Fold,0.00094494,99.43,0.0,0.34987648419798345,1.0,1
nl25-bb-vs-utg,QJs,Call,0.035467533999999995,0.57,-0.01,0.34987648419798345,1.0,1
nl25-bb-vs-utg,QJs,Raise 27,99.96359,0.0,-0.35,0.34987648419798345,1.0,1
nl25-bb-vs-utg,QJs,Allin 200,3.5640630000000004e-06,0.0,-10.45,0.34987648419798345,1.0,1
nl25-bb-vs-utg,99,Fold,0.0005559973999999999,68.52,0.0,1.0219517803e-06,1.0,1
nl25-bb-vs-utg,99,Call,99.96568,22.07,0.0,1.0219517803e-06,1.0,1
nl25-bb-vs-utg,99,Raise 27,0.033752786,9.41,0.0,1.0219517803e-06,1.0,1
nl25-bb-vs-utg,99,Allin 200,1.9766959e-05,0.0,-5.17,1.0219517803e-06,1.0,1
nl25-bb-vs-utg,88,Fold,0.0010643094,68.24,0.0,5.747605875e-07,1.0,1
nl25-bb-vs-utg,88,Call,98.703825,22.6,0.0,5.747605875e-07,1.0,1
nl25-bb-vs-utg,88,Raise 27,1.2951042499999998,9.16,0.0,5.747605875e-07,1.0,1
nl25-bb-vs-utg,88,Allin 200,1.1611325e-05,0.0,-4.95,5.747605875e-07,1.0,1
nl25-bb-vs-utg,55,Fold,0.0016365319999999998,86.48,0.0,4.156264304500001e-06,1.0,1
nl25-bb-vs-utg,55,Call,99.9956,13.52,0.0,4.156264304500001e-06,1.0,1
nl25-bb-vs-utg,55,Raise 27,0.0027545693000000002,0.0,-0.14,4.156264304500001e-06,1.0,1
nl25-bb-vs-utg,55,Allin 200,5.7117578e-06,0.0,-5.25,4.156264304500001e-06,1.0,1
nl25-bb-vs-utg,76s,Fold,99.816805,88.07,0.0,2.16839792576e-05,1.0,1
nl25-bb-vs-utg,76s,Call,0.18188443999999998,6.7299999999999995,-0.01,2.16839792576e-05,1.0,1
nl25-bb-vs-utg,76s,Raise 27,0.0012869264,5.2,-0.01,2.16839792576e-05,1.0,1
nl25-bb-vs-utg,76s,Allin 200,3.9750208e-05,0.0,-8.47,2.16839792576e-05,1.0,1
nl25-str-vs-utg,AA,Fold,7.4886913e-08,0.0,0.0,2.9873974575878037e-05,1.0,1
nl25-str-vs-utg,AA,Call,7.4886913e-08,0.0,14.39,2.9873974575878037e-05,1.0,1
nl25-str-vs-utg,AA,Raise 30,99.996614,99.96,29.73,2.9873974575878037e-05,1.0,1
nl25-str-vs-utg,AA,Allin 200,0.003384522,0.04,28.86,2.9873974575878037e-05,1.0,1
nl25-str-vs-utg,A5s,Fold,0.0004436434,0.0,0.0,1.8819650280388345e-06,1.0,1
nl25-str-vs-utg,A5s,Call,99.99923,49.75,0.24,1.8819650280388345e-06,1.0,1
nl25-str-vs-utg,A5s,Raise 30,0.00032121575,50.24999999999999,0.23,1.8819650280388345e-06,1.0,1
nl25-str-vs-utg,A5s,Allin 200,1.325491e-05,0.0,-5.83,1.8819650280388345e-06,1.0,1
nl25-str-vs-utg,KQo,Fold,0.0013440189,15.89,0.0,1.3348854640000001e-06,1.0,1
nl25-str-vs-utg,KQo,Call,99.98744,53.77000000000001,0.0,1.3348854640000001e-06,1.0,1
nl25-str-vs-utg,KQo,Raise 30,0.011199791,30.34,0.0,1.3348854640000001e-06,1.0,1
nl25-str-vs-utg,KQo,Allin 200,1.411084e-05,0.0,-9.46,1.3348854640000001e-06,1.0,1
nl25-str-vs-utg,QJs,Fold,0.00031853413,0.0,0.0,3.0637041300018986e-06,1.0,1
nl25-str-vs-utg,QJs,Call,99.99776,99.73,0.21,3.0637041300018986e-06,1.0,1
nl25-str-vs-utg,QJs,Raise 30,0.0019062806999999998,0.27,0.14,3.0637041300018986e-06,1.0,1
nl25-str-vs-utg,QJs,Allin 200,1.2099966e-05,0.0,-8.5,3.0637041300018986e-06,1.0,1
nl25-str-vs-utg,99,Fold,0.00012278842,0.0,0.0,7.0222573247402664e-06,1.0,1
nl25-str-vs-utg,99,Call,99.994296,100.0,0.98,7.0222573247402664e-06,1.0,1
nl25-str-vs-utg,99,Raise 30,0.0055348315,0.0,0.92,7.0222573247402664e-06,1.0,1
nl25-str-vs-utg,99,Allin 200,3.7222352e-05,0.0,-5.49,7.0222573247402664e-06,1.0,1
nl25-str-vs-utg,88,Fold,0.00021741664,0.0,0.0,3.478201086704047e-06,1.0,1
nl25-str-vs-utg,88,Call,99.99729,91.13,0.79,3.478201086704047e-06,1.0,1
nl25-str-vs-utg,88,Raise 30,0.0024746372,8.87,0.78,3.478201086704047e-06,1.0,1
nl25-str-vs-utg,88,Allin 200,2.6171207000000004e-05,0.0,-5.24,3.478201086704047e-06,1.0,1
nl25-str-vs-utg,55,Fold,0.00050569292,0.0,0.0,4.0576947568093935e-06,1.0,1
nl25-str-vs-utg,55,Call,99.99632000000001,99.22,0.33,4.0576947568093935e-06,1.0,1
nl25-str-vs-utg,55,Raise 30,0.0031540603000000003,0.78,0.28,4.0576947568093935e-06,1.0,1
nl25-str-vs-utg,55,Allin 200,1.3696022000000001e-05,0.0,-5.44,4.0576947568093935e-06,1.0,1
nl25-str-vs-utg,76s,Fold,0.00053471676,0.03,0.0,1.0990227755081072e-06,1.0,1
nl25-str-vs-utg,76s,Call,99.99943999999999,82.96,0.13,1.0990227755081072e-06,1.0,1
nl25-str-vs-utg,76s,Raise 30,2.741967e-05,17.01,0.12,1.0990227755081072e-06,1.0,1
nl25-str-vs-utg,76s,Allin 200,5.017719e-06,0.0,-8.05,1.0990227755081072e-06,1.0,1
nl25-utg-vs-lj-3bet,AA,Fold,2.4962601000000002e-08,0.0,0.0,4.968998354677758,0.9999967,0.9998
nl25-utg-vs-lj-3bet,AA,Call,2.4962601000000002e-08,0.0,54.17,4.968998354677758,0.9999967,0.9998
nl25-utg-vs-lj-3bet,AA,Raise 45,35.467568,100.0,62.91,4.968998354677758,0.9999967,0.9998
nl25-utg-vs-lj-3bet,AA,Allin 200,64.53242999999999,0.0,55.21,4.968998354677758,0.9999967,0.9998
nl25-utg-vs-lj-3bet,A5s,Fold,0.05640953,33.21,0.0,0.1816091262,0.99989516,1
nl25-utg-vs-lj-3bet,A5s,Call,94.06154,30.210000000000004,0.0,0.1816091262,0.99989516,1
nl25-utg-vs-lj-3bet,A5s,Raise 45,0.0047333106,36.58,0.0,0.1816091262,0.99989516,1
nl25-utg-vs-lj-3bet,A5s,Allin 200,5.877318,0.0,-3.09,0.1816091262,0.99989516,1
nl25-utg-vs-lj-3bet,KQo,Fold,99.999124,100.0,0.0,2.244971876497e-05,0.9941355,1
nl25-utg-vs-lj-3bet,KQo,Call,0.0008751903999999999,0.0,-2.54,2.244971876497e-05,0.9941355,1
nl25-utg-vs-lj-3bet,KQo,Raise 45,3.3029224e-06,0.0,-1.88,2.244971876497e-05,0.9941355,1
nl25-utg-vs-lj-3bet,KQo,Allin 200,1.3804695e-06,0.0,-11.43,2.244971876497e-05,0.9941355,1
nl25-utg-vs-lj-3bet,QJs,Fold,0.0121642275,100.0,0.0,0.40995243498476996,0.9999196,1
nl25-utg-vs-lj-3bet,QJs,Call,99.987686,0.0,-0.41,0.40995243498476996,0.9999196,1
nl25-utg-vs-lj-3bet,QJs,Raise 45,0.00013791029,0.0,-1.54,0.40995243498476996,0.9999196,1
nl25-utg-vs-lj-3bet,QJs,Allin 200,8.025792e-06,0.0,-9.95,0.40995243498476996,0.9999196,1
nl25-utg-vs-lj-3bet,99,Fold,0.00711677,49.01,0.0,7.729299864e-06,0.99998695,0.7279000000000001
nl25-utg-vs-lj-3bet,99,Call,99.989295,46.29,0.0,7.729299864e-06,0.99998695,0.7279000000000001
nl25-utg-vs-lj-3bet,99,Raise 45,0.0035111123,4.71,0.0,7.729299864e-06,0.99998695,0.7279000000000001
nl25-utg-vs-lj-3bet,99,Allin 200,8.257799000000001e-05,0.0,-9.36,7.729299864e-06,0.99998695,0.7279000000000001
nl25-utg-vs-lj-3bet,88,Fold,0.31440682,8.04,0.0,0.00084761090707,0.99995613,0.34369999999999995
nl25-utg-vs-lj-3bet,88,Call,98.75732,89.23,0.0,0.00084761090707,0.99995613,0.34369999999999995
nl25-utg-vs-lj-3bet,88,Raise 45,0.9281463,2.73,-0.09,0.00084761090707,0.99995613,0.34369999999999995
nl25-utg-vs-lj-3bet,88,Allin 200,0.00012724598,0.0,-9.65,0.00084761090707,0.99995613,0.34369999999999995
nl25-utg-vs-lj-3bet,55,Fold,99.94775,0.0,0.0,0.5299089360483,0.9957655,0.20879999999999999
nl25-utg-vs-lj-3bet,55,Call,0.045167014,100.0,0.53,0.5299089360483,0.9957655,0.20879999999999999
nl25-utg-vs-lj-3bet,55,Raise 45,0.006317677000000001,0.0,-1.1,0.5299089360483,0.9957655,0.20879999999999999
nl25-utg-vs-lj-3bet,55,Allin 200,0.0007653085,0.0,-10.3,0.5299089360483,0.9957655,0.20879999999999999
nl25-utg-vs-lj-3bet,76s,Fold,83.5858,0.01,0.0,2.082014397421873,0.7755927,0.0908
nl25-utg-vs-lj-3bet,76s,Call,0.06042477,99.99,0.55,2.082014397421873,0.7755927,0.0908
nl25-utg-vs-lj-3bet,76s,Raise 45,2.8906086000000003e-05,0.0,0.38,2.082014397421873,0.7755927,0.0908
nl25-utg-vs-lj-3bet,76s,Allin 200,16.353755,0.0,-9.37,2.082014397421873,0.7755927,0.0908
