bank,hand_class,entry_mass,deals,average_deals_per_update,zero_sample_updates,modal_switches,final_current_vs_played_average_tv
first-old,0,0.004790793724696479,185,2.371794871794872,5,0,0.0012034162405450794
first-old,1,0.009512847260521819,394,5.051282051282051,1,2,0.03530327850223269
first-old,2,0.009506641694301852,398,5.102564102564102,0,2,0.0011433805056475007
first-old,3,0.009429105229310572,373,4.782051282051282,0,5,0.10104571603391131
first-old,4,0.009429352148007004,346,4.435897435897436,0,6,0.12547321726184588
first-old,5,0.009396037340559372,376,4.82051282051282,0,4,0.1652473767439664
first-old,6,0.009361703242193552,380,4.871794871794871,1,3,0.19505798163337051
first-old,7,0.009296117200453959,418,5.358974358974359,1,9,0.14764014594583552
first-old,8,0.009255431872587724,356,4.564102564102564,0,11,0.22533285187644725
first-old,9,0.009236259296157876,372,4.769230769230769,0,4,0.5313580984323538
first-old,10,0.009145610283355409,386,4.948717948717949,1,4,0.0407451897815484
first-old,11,0.009055534566697113,380,4.871794871794871,2,1,0.0030918715194260143
first-old,12,0.008750471453727546,365,4.67948717948718,0,9,0.08654130516793149
first-old,13,0.00317094900525911,113,1.4487179487179487,21,2,0.0413706557752643
first-old,14,0.00474131789843658,182,2.3333333333333335,4,3,0.10540057923483948
first-old,15,0.009457166113881007,371,4.756410256410256,1,2,0.015112448812393627
first-old,16,0.009379629648889725,370,4.743589743589744,1,1,0.0061531922366332295
first-old,17,0.00937987656758616,363,4.653846153846154,0,2,0.14379759323613273
first-old,18,0.009346561760138525,395,5.064102564102564,0,6,0.2384725517562412
first-old,19,0.009312227661772707,382,4.897435897435898,0,4,0.04556185145792867
first-old,20,0.009246641620033112,362,4.641025641025641,1,0,0.014698375778551355
first-old,21,0.009205956292166879,370,4.743589743589744,0,1,0.009297371213240141
first-old,22,0.00918678371573703,344,4.410256410256411,1,0,0.0004837478120993723
first-old,23,0.009096134702934562,400,5.128205128205129,0,0,0.0011378189903742519
first-old,24,0.009006058986276266,373,4.782051282051282,0,1,0.17511327168086915
first-old,25,0.00871117416475761,356,4.564102564102564,3,1,0.06094815943684403
first-old,26,0.0031688804832390063,121,1.5512820512820513,15,6,0.08672552196759956
first-old,27,0.0031523886235230235,125,1.6025641025641026,14,6,0.048876467045698896
first-old,28,0.004735112089351418,206,2.641025641025641,6,3,0.08604471488212637
first-old,29,0.00937342408266976,421,5.397435897435898,0,3,0.013689939799945894
first-old,30,0.009373671001366192,368,4.717948717948718,1,1,0.07957630841881382
first-old,31,0.00934035619391856,353,4.5256410256410255,0,2,0.0053412863638745
first-old,32,0.009306022095552742,369,4.730769230769231,1,1,0.0015195763341491059
first-old,33,0.009240436053813146,402,5.153846153846154,1,1,0.026613941344689397
first-old,34,0.009199750725946912,344,4.410256410256411,1,0,0.0012359901875489735
first-old,35,0.009180578149517064,366,4.6923076923076925,2,9,0.16300903375195255
first-old,36,0.009089929136714596,346,4.435897435897436,1,3,0.020842534487086364
first-old,37,0.0089998534200563,356,4.564102564102564,1,2,0.026333904042916734
first-old,38,0.008706783739295723,356,4.564102564102564,0,4,0.028012046665442623
first-old,39,0.0031430349955735267,112,1.435897435897436,21,0,0.000835885372743247
first-old,40,0.0031265820393601806,120,1.5384615384615385,18,3,0.06538284990711421
first-old,41,0.0031308951109540934,138,1.7692307692307692,19,0,0.0007941857547970973
first-old,42,0.004657575877138198,193,2.4743589743589745,6,8,0.2161803901875079
first-old,43,0.00929613453637491,353,4.5256410256410255,1,8,0.15403995225391762
first-old,44,0.009262819728927278,329,4.217948717948718,0,4,0.014527034612412738
first-old,45,0.00922848563056146,361,4.628205128205129,0,1,0.049997344970308014
first-old,46,0.009162899588821865,376,4.82051282051282,1,6,0.14050751274058795
first-old,47,0.00912221426095563,364,4.666666666666667,1,4,0.032224250617819986
first-old,48,0.009103041684525784,349,4.4743589743589745,1,3,0.030308109004931857
first-old,49,0.009012392671723315,390,5.0,1,6,0.3626726100216834
first-old,50,0.008922321679882108,359,4.602564102564102,2,4,0.18153148978064743
first-old,51,0.008629658602692861,327,4.1923076923076925,0,1,0.017523230805259013
first-old,52,0.003143117301803553,120,1.5384615384615385,16,0,0.0005361313300995598
first-old,53,0.00312662544208757,116,1.4871794871794872,19,8,0.09597143981085171
first-old,54,0.003124612815858345,119,1.5256410256410255,17,11,0.08278740344096171
first-old,55,0.003105130327599686,133,1.705128205128205,15,2,0.16535018431784573
first-old,56,0.004657822776008899,174,2.230769230769231,12,7,0.16467801548062072
first-old,57,0.009263066647623712,378,4.846153846153846,0,6,0.008594992457714251
first-old,58,0.009228732549257894,372,4.769230769230769,0,7,0.014615036175081501
first-old,59,0.009163146507518297,403,5.166666666666667,0,12,0.17333056911079214
first-old,60,0.009122461179652064,368,4.717948717948718,1,8,0.15621853011685127
first-old,61,0.009103288603222215,337,4.32051282051282,2,6,0.12029533488605726
first-old,62,0.009012639590419749,350,4.487179487179487,0,14,0.7123218721230121
first-old,63,0.008922569928609137,356,4.564102564102564,0,1,0.03733421620278134
first-old,64,0.008629688899514034,340,4.358974358974359,1,3,0.11363965502539833
first-old,65,0.0031320123662733814,116,1.4871794871794872,18,5,0.029582138850490262
first-old,66,0.003115520506557398,120,1.5384615384615385,15,10,0.1367394256668324
first-old,67,0.0031134519845372947,112,1.435897435897436,17,3,0.10600435194729965
first-old,68,0.0030925460922791082,117,1.5,19,3,0.23434256922441754
first-old,69,0.003094107729029421,107,1.3717948717948718,22,3,0.09128959946812407
first-old,70,0.004624507869432617,171,2.1923076923076925,9,9,0.03835170143758475
first-old,71,0.009195417741810262,399,5.115384615384615,1,2,0.01505710066167954
first-old,72,0.009129831700070664,343,4.397435897435898,0,3,0.07736614511667239
first-old,73,0.009089146372204432,349,4.4743589743589745,1,1,0.011414657660896195
first-old,74,0.009069973795774582,388,4.9743589743589745,0,6,0.1447073979454713
first-old,75,0.008979324782972116,353,4.5256410256410255,1,2,0.23019912928947484
first-old,76,0.008889249585588644,354,4.538461538461538,0,3,0.7499137055369047
first-old,77,0.008596451115028006,347,4.448717948717949,1,8,0.09391612888407251
first-old,78,0.003120567667112555,107,1.3717948717948718,12,11,0.07548067318226562
first-old,79,0.0031040758073965723,138,1.7692307692307692,12,2,0.028324943421363283
first-old,80,0.0031020072853764685,132,1.6923076923076923,7,2,0.03968888632595767
first-old,81,0.0030766711611621336,114,1.4615384615384615,17,3,0.14920675485116092
first-old,82,0.0030826649524687264,120,1.5384615384615385,18,8,0.27488667044366916
first-old,83,0.003071559958948295,119,1.5256410256410255,17,2,0.14911846069350018
first-old,84,0.004590173593626515,170,2.1794871794871793,4,2,0.007532763223857572
first-old,85,0.009095536099493505,369,4.730769230769231,2,3,0.2129165830176276
first-old,86,0.009054823459607524,375,4.8076923076923075,1,3,0.13254327083918246
first-old,87,0.009035639697408766,367,4.705128205128205,1,4,0.46498011104195985
first-old,88,0.008944991632856244,352,4.512820512820513,1,8,0.17364920218740512
first-old,89,0.008870288926542031,363,4.653846153846154,0,5,0.15557567758254004
first-old,90,0.008562270572889864,335,4.294871794871795,2,3,0.03542204488978906
first-old,91,0.0030987056537618175,111,1.4230769230769231,16,4,0.15411772623299036
first-old,92,0.003082213794045835,118,1.5128205128205128,15,2,0.018824239913844302
first-old,93,0.003080145272025731,140,1.794871794871795,17,2,0.029579228334810727
first-old,94,0.0030551849830528464,130,1.6666666666666667,17,5,0.166637742630398
first-old,95,0.003060802798850952,115,1.4743589743589745,16,4,0.1034396632662836
first-old,96,0.0030496971044909785,115,1.4743589743589745,15,1,0.04974828777057793
first-old,97,0.003038252900973393,129,1.6538461538461537,16,5,0.3975499122028713
first-old,98,0.004524587518183176,202,2.58974358974359,4,12,0.2679446345896166
first-old,99,0.008989226232099018,333,4.269230769230769,1,1,0.0449870968449556
first-old,100,0.00897005864301116,387,4.961538461538462,2,6,0.30464942273408996
first-old,101,0.008897074213832389,368,4.717948717948718,0,6,0.46078893543233335
first-old,102,0.008808510962475227,362,4.641025641025641,1,8,0.5122573698714961
first-old,103,0.00849669870654732,305,3.91025641025641,1,3,0.06257915636120924
first-old,104,0.003085143878155321,135,1.7307692307692308,18,6,0.1913845727757591
first-old,105,0.003068652018439338,117,1.5,18,3,0.09637128661220261
first-old,106,0.003066583496419234,129,1.6538461538461537,12,4,0.03622762676793336
first-old,107,0.003040740248649781,115,1.4743589743589745,19,1,0.004418783214889336
first-old,108,0.0030408203149837813,116,1.4871794871794872,12,1,0.011679383097228518
first-old,109,0.0030361325646821274,122,1.564102564102564,16,1,0.0018181768608572229
first-old,110,0.003024691110993242,135,1.7307692307692308,15,2,0.21760166476732748
first-old,111,0.003002829561068935,114,1.4615384615384615,15,8,0.1218758348397168
first-old,112,0.004483901867157541,144,1.8461538461538463,12,2,0.08899142645662401
first-old,113,0.008948627684417313,361,4.628205128205129,0,2,0.25651940062033846
first-old,114,0.008857952729646955,369,4.730769230769231,0,3,0.018358721228487692
first-old,115,0.008767899905759253,343,4.397435897435898,0,7,0.32605754414205407
first-old,116,0.008456018424329408,338,4.333333333333333,2,10,0.646016119462756
first-old,117,0.003078753019509794,110,1.4102564102564104,15,3,0.054070283541814756
first-old,118,0.0030622611597938116,142,1.8205128205128205,12,4,0.03225646226273038
first-old,119,0.0030601926377737078,112,1.435897435897436,22,2,0.21049250900184757
first-old,120,0.003040739542766197,122,1.564102564102564,16,6,0.10656766121266344
first-old,121,0.0030344294563382545,123,1.5769230769230769,16,3,0.005206168135973876
first-old,122,0.0030297342847703562,129,1.6538461538461537,15,5,0.18065179721381805
first-old,123,0.0030183005204907085,115,1.4743589743589745,22,3,0.13765899351869498
first-old,124,0.00299643869350183,110,1.4102564102564104,19,4,0.12654829469369674
first-old,125,0.002982874835202435,140,1.794871794871795,13,4,0.16757156442041707
first-old,126,0.004464729101391971,156,2.0,10,2,0.00732738773639415
first-old,127,0.008838791741356376,311,3.9871794871794872,0,2,0.22671485212162223
first-old,128,0.008748729593427788,323,4.141025641025641,2,1,0.021414100059331767
first-old,129,0.008436846232518724,316,4.051282051282051,4,5,0.24498971170122147
first-old,130,0.003048589629748466,111,1.4230769230769231,19,4,0.2758799074009062
first-old,131,0.0030383263451918183,117,1.5,16,1,0.005715316154733189
first-old,132,0.0030300838891443495,142,1.8205128205128205,11,7,0.040142012545677376
first-old,133,0.003010523121683423,121,1.5512820512820513,16,1,0.15256686397999214
first-old,134,0.0030106108780065255,126,1.6153846153846154,19,5,0.4139461715293488
first-old,135,0.002999247818911184,108,1.3846153846153846,15,5,0.2258979979807818
first-old,136,0.0029880834387154944,130,1.6666666666666667,17,10,0.36204549157497706
first-old,137,0.0029662224032688716,126,1.6153846153846154,16,3,0.1799604271436494
first-old,138,0.0029526608655711306,117,1.5,21,11,0.18177340320973726
first-old,139,0.0029462700089081767,121,1.5512820512820513,16,3,0.027415232967023008
first-old,140,0.004374080308655107,161,2.0641025641025643,11,2,0.029761237383099014
first-old,141,0.008658085069170625,364,4.666666666666667,0,6,0.23249670982169018
first-old,142,0.008346197677690622,324,4.153846153846154,1,3,0.14490787769607813
first-old,143,0.0030248961572387077,123,1.5769230769230769,18,3,0.4472746357096907
first-old,144,0.003008434522343193,142,1.8205128205128205,6,1,0.10299415988152205
first-old,145,0.0030063569944854033,135,1.7307692307692308,15,8,0.4562654767059544
first-old,146,0.002980524350918867,129,1.6538461538461537,18,4,0.1751844462778338
first-old,147,0.0029806068083200817,114,1.4615384615384615,19,1,0.09034103737546995
first-old,148,0.002969502618732987,144,1.8461538461538463,11,6,0.20032479593900135
first-old,149,0.0029580582045670247,107,1.3717948717948718,15,1,0.00551665152377513
first-old,150,0.0029361969996104134,100,1.2820512820512822,20,1,0.011473999582619814
first-old,151,0.0029226356056492116,125,1.6025641025641026,15,3,0.09967536570378596
first-old,152,0.0029162448758709276,115,1.4743589743589745,17,5,0.1506949211891686
first-old,153,0.0028860286010029094,103,1.3205128205128205,21,6,0.03510210827839928
first-old,154,0.004284005053936323,157,2.0128205128205128,8,2,0.002163889990002479
first-old,155,0.0082561217647576,345,4.423076923076923,0,3,0.2615455127651092
first-old,156,0.0029209535351987642,97,1.2435897435897436,24,3,0.026896086777807627
first-old,157,0.002904478032205372,130,1.6666666666666667,13,6,0.13252485518158194
first-old,158,0.0029024088276845255,113,1.4487179487179487,15,7,0.03034607648722447
first-old,159,0.0028765640116156376,106,1.358974358974359,21,9,0.08096122046690017
first-old,160,0.00287664555405943,113,1.4487179487179487,17,6,0.3626756136371123
first-old,161,0.0028655407057624678,109,1.3974358974358974,22,12,0.3900068086451069
first-old,162,0.002854096463089066,131,1.6794871794871795,14,6,0.2888899102761079
first-old,163,0.0028322345637362746,95,1.2179487179487178,23,10,0.40270170136229094
first-old,164,0.0028186729016320797,132,1.6923076923076923,11,4,0.09452106486588376
first-old,165,0.0028122821203068987,124,1.5897435897435896,19,3,0.6697191409988608
first-old,166,0.002782065810743854,133,1.705128205128205,15,2,0.0057718476560751734
first-old,167,0.002752040727766573,121,1.5512820512820513,18,2,0.001054762873603821
first-old,168,0.003972108648688113,146,1.8717948717948718,12,2,0.004829949057161843
first-new,0,0.004790793724696479,185,2.371794871794872,5,1,0.015761676784296845
first-new,1,0.009512847260521819,394,5.051282051282051,1,8,0.23978457439746975
first-new,2,0.009506641694301852,398,5.102564102564102,0,4,0.46991048872675245
first-new,3,0.009429105229310572,373,4.782051282051282,0,4,0.17078444988714853
first-new,4,0.009429352148007004,346,4.435897435897436,0,10,0.09735812994634609
first-new,5,0.009396037340559372,376,4.82051282051282,0,2,0.22144278924126015
first-new,6,0.009361703242193552,380,4.871794871794871,1,2,0.006851897195943082
first-new,7,0.009296117200453959,418,5.358974358974359,1,1,0.2149388537834766
first-new,8,0.009255431872587724,356,4.564102564102564,0,9,0.3161142919604874
first-new,9,0.009236259296157876,372,4.769230769230769,0,4,0.4557888242738479
first-new,10,0.009145610283355409,386,4.948717948717949,1,6,0.03961232652472867
first-new,11,0.009055534566697113,380,4.871794871794871,2,5,0.39754568915831284
first-new,12,0.008750471453727546,365,4.67948717948718,0,1,0.1957620426871856
first-new,13,0.00317094900525911,113,1.4487179487179487,21,3,0.042459937672987315
first-new,14,0.00474131789843658,182,2.3333333333333335,4,5,0.001377672953960496
first-new,15,0.009457166113881007,371,4.756410256410256,1,2,0.011178796435552666
first-new,16,0.009379629648889725,370,4.743589743589744,1,1,0.0005996415498817762
first-new,17,0.00937987656758616,363,4.653846153846154,0,5,0.1293563180415107
first-new,18,0.009346561760138525,395,5.064102564102564,0,0,0.006933384064993
first-new,19,0.009312227661772707,382,4.897435897435898,0,8,0.12833462606764842
first-new,20,0.009246641620033112,362,4.641025641025641,1,2,0.016146146055692884
first-new,21,0.009205956292166879,370,4.743589743589744,0,0,0.22479579274705777
first-new,22,0.00918678371573703,344,4.410256410256411,1,2,0.14326187773290042
first-new,23,0.009096134702934562,400,5.128205128205129,0,4,0.5619841343868729
first-new,24,0.009006058986276266,373,4.782051282051282,0,5,0.09254105001989721
first-new,25,0.00871117416475761,356,4.564102564102564,3,11,0.24362742330954335
first-new,26,0.0031688804832390063,121,1.5512820512820513,15,0,0.002688252287047816
first-new,27,0.0031523886235230235,125,1.6025641025641026,14,7,0.07533069842650345
first-new,28,0.004735112089351418,206,2.641025641025641,6,5,0.3136465459705823
first-new,29,0.00937342408266976,421,5.397435897435898,0,15,0.1040512718689296
first-new,30,0.009373671001366192,368,4.717948717948718,1,6,0.10875448333045264
first-new,31,0.00934035619391856,353,4.5256410256410255,0,4,0.049634353646289514
first-new,32,0.009306022095552742,369,4.730769230769231,1,5,0.1073514314009833
first-new,33,0.009240436053813146,402,5.153846153846154,1,2,0.001115776555865628
first-new,34,0.009199750725946912,344,4.410256410256411,1,1,0.11115909819925306
first-new,35,0.009180578149517064,366,4.6923076923076925,2,4,0.3149670436466
first-new,36,0.009089929136714596,346,4.435897435897436,1,1,0.04714235838241156
first-new,37,0.0089998534200563,356,4.564102564102564,1,1,0.20035115189996944
first-new,38,0.008706783739295723,356,4.564102564102564,0,4,0.181913950076184
first-new,39,0.0031430349955735267,112,1.435897435897436,21,1,0.10014348145215912
first-new,40,0.0031265820393601806,120,1.5384615384615385,18,8,0.0666614464921541
first-new,41,0.0031308951109540934,138,1.7692307692307692,19,4,0.3726191006221599
first-new,42,0.004657575877138198,193,2.4743589743589745,6,2,0.0008971205195753323
first-new,43,0.00929613453637491,353,4.5256410256410255,1,3,0.008774859538245883
first-new,44,0.009262819728927278,329,4.217948717948718,0,3,0.15148496084494414
first-new,45,0.00922848563056146,361,4.628205128205129,0,12,0.06922862587909152
first-new,46,0.009162899588821865,376,4.82051282051282,1,7,0.04466839714602118
first-new,47,0.00912221426095563,364,4.666666666666667,1,7,0.16521459871464783
first-new,48,0.009103041684525784,349,4.4743589743589745,1,3,0.0021807465923512313
first-new,49,0.009012392671723315,390,5.0,1,5,0.24815174229656553
first-new,50,0.008922321679882108,359,4.602564102564102,2,8,0.049447775267097364
first-new,51,0.008629658602692861,327,4.1923076923076925,0,1,0.0011894516039254008
first-new,52,0.003143117301803553,120,1.5384615384615385,16,2,0.0523095252119625
first-new,53,0.00312662544208757,116,1.4871794871794872,19,3,0.1597528066593627
first-new,54,0.003124612815858345,119,1.5256410256410255,17,4,0.03593857658039333
first-new,55,0.003105130327599686,133,1.705128205128205,15,1,0.012637833452938885
first-new,56,0.004657822776008899,174,2.230769230769231,12,4,0.2926922185512216
first-new,57,0.009263066647623712,378,4.846153846153846,0,0,0.12000990232183432
first-new,58,0.009228732549257894,372,4.769230769230769,0,2,0.03764937428061411
first-new,59,0.009163146507518297,403,5.166666666666667,0,0,0.0005421596200548591
first-new,60,0.009122461179652064,368,4.717948717948718,1,7,0.12375871869066266
first-new,61,0.009103288603222215,337,4.32051282051282,2,2,0.07775889182789165
first-new,62,0.009012639590419749,350,4.487179487179487,0,4,0.02495155217816701
first-new,63,0.008922569928609137,356,4.564102564102564,0,4,0.21972415463405048
first-new,64,0.008629688899514034,340,4.358974358974359,1,1,0.02599420926319932
first-new,65,0.0031320123662733814,116,1.4871794871794872,18,12,0.21923003055085957
first-new,66,0.003115520506557398,120,1.5384615384615385,15,1,0.005541599377830476
first-new,67,0.0031134519845372947,112,1.435897435897436,17,1,0.06648816054987539
first-new,68,0.0030925460922791082,117,1.5,19,4,0.309630731416657
first-new,69,0.003094107729029421,107,1.3717948717948718,22,3,0.02613894811812156
first-new,70,0.004624507869432617,171,2.1923076923076925,9,14,0.23151376390266631
first-new,71,0.009195417741810262,399,5.115384615384615,1,8,0.13473681716888358
first-new,72,0.009129831700070664,343,4.397435897435898,0,6,0.019845086658200728
first-new,73,0.009089146372204432,349,4.4743589743589745,1,1,0.008940651833566451
first-new,74,0.009069973795774582,388,4.9743589743589745,0,6,0.146303770475695
first-new,75,0.008979324782972116,353,4.5256410256410255,1,4,0.16970316222647439
first-new,76,0.008889249585588644,354,4.538461538461538,0,5,0.19047928062532532
first-new,77,0.008596451115028006,347,4.448717948717949,1,10,0.17551194586487198
first-new,78,0.003120567667112555,107,1.3717948717948718,12,3,0.12747791935438726
first-new,79,0.0031040758073965723,138,1.7692307692307692,12,0,0.001322659173130003
first-new,80,0.0031020072853764685,132,1.6923076923076923,7,4,0.23286057008463204
first-new,81,0.0030766711611621336,114,1.4615384615384615,17,7,0.017524150642557888
first-new,82,0.0030826649524687264,120,1.5384615384615385,18,0,0.0004268199681916001
first-new,83,0.003071559958948295,119,1.5256410256410255,17,6,0.038638512628565366
first-new,84,0.004590173593626515,170,2.1794871794871793,4,2,0.002602522491668781
first-new,85,0.009095536099493505,369,4.730769230769231,2,5,0.016321890922979063
first-new,86,0.009054823459607524,375,4.8076923076923075,1,4,0.22604128106047114
first-new,87,0.009035639697408766,367,4.705128205128205,1,11,0.08943388496695497
first-new,88,0.008944991632856244,352,4.512820512820513,1,3,0.10727836052093374
first-new,89,0.008870288926542031,363,4.653846153846154,0,7,0.02038286131459069
first-new,90,0.008562270572889864,335,4.294871794871795,2,1,0.00042419777702227445
first-new,91,0.0030987056537618175,111,1.4230769230769231,16,0,0.003704290152441898
first-new,92,0.003082213794045835,118,1.5128205128205128,15,7,0.21272762921470215
first-new,93,0.003080145272025731,140,1.794871794871795,17,2,0.006590079785546488
first-new,94,0.0030551849830528464,130,1.6666666666666667,17,4,0.47326602554787617
first-new,95,0.003060802798850952,115,1.4743589743589745,16,3,0.03576124054972293
first-new,96,0.0030496971044909785,115,1.4743589743589745,15,3,0.00588848644344188
first-new,97,0.003038252900973393,129,1.6538461538461537,16,4,0.014562163404835297
first-new,98,0.004524587518183176,202,2.58974358974359,4,6,0.39742691327823065
first-new,99,0.008989226232099018,333,4.269230769230769,1,5,0.1719557026436918
first-new,100,0.00897005864301116,387,4.961538461538462,2,9,0.12033998104673486
first-new,101,0.008897074213832389,368,4.717948717948718,0,2,0.011904560163883865
first-new,102,0.008808510962475227,362,4.641025641025641,1,1,0.035927068603673507
first-new,103,0.00849669870654732,305,3.91025641025641,1,2,0.002864883318525517
first-new,104,0.003085143878155321,135,1.7307692307692308,18,4,0.052072873161543395
first-new,105,0.003068652018439338,117,1.5,18,3,0.08211465865350304
first-new,106,0.003066583496419234,129,1.6538461538461537,12,4,0.020723586837627577
first-new,107,0.003040740248649781,115,1.4743589743589745,19,2,0.004461241984340272
first-new,108,0.0030408203149837813,116,1.4871794871794872,12,1,0.10043558036604049
first-new,109,0.0030361325646821274,122,1.564102564102564,16,10,0.17254828742654849
first-new,110,0.003024691110993242,135,1.7307692307692308,15,4,0.18534097109573464
first-new,111,0.003002829561068935,114,1.4615384615384615,15,1,0.007532179937958604
first-new,112,0.004483901867157541,144,1.8461538461538463,12,2,0.06667663102703057
first-new,113,0.008948627684417313,361,4.628205128205129,0,1,0.15504866973403225
first-new,114,0.008857952729646955,369,4.730769230769231,0,6,0.30368640999802055
first-new,115,0.008767899905759253,343,4.397435897435898,0,2,0.0025696491322073868
first-new,116,0.008456018424329408,338,4.333333333333333,2,7,0.24110187895917334
first-new,117,0.003078753019509794,110,1.4102564102564104,15,2,0.017706316704534587
first-new,118,0.0030622611597938116,142,1.8205128205128205,12,1,0.0005555629695306274
first-new,119,0.0030601926377737078,112,1.435897435897436,22,6,0.3199101983362444
first-new,120,0.003040739542766197,122,1.564102564102564,16,6,0.32213854472766007
first-new,121,0.0030344294563382545,123,1.5769230769230769,16,7,0.06072336212161272
first-new,122,0.0030297342847703562,129,1.6538461538461537,15,4,0.2508083213306549
first-new,123,0.0030183005204907085,115,1.4743589743589745,22,5,0.1252881307641007
first-new,124,0.00299643869350183,110,1.4102564102564104,19,3,0.002828489266480151
first-new,125,0.002982874835202435,140,1.794871794871795,13,2,0.252582506235493
first-new,126,0.004464729101391971,156,2.0,10,5,0.29859233245293126
first-new,127,0.008838791741356376,311,3.9871794871794872,0,5,0.10753514794329122
first-new,128,0.008748729593427788,323,4.141025641025641,2,10,0.12452924066916086
first-new,129,0.008436846232518724,316,4.051282051282051,4,2,0.007387872069428138
first-new,130,0.003048589629748466,111,1.4230769230769231,19,10,0.1618895161131484
first-new,131,0.0030383263451918183,117,1.5,16,1,0.005711664141303379
first-new,132,0.0030300838891443495,142,1.8205128205128205,11,7,0.3577287396829373
first-new,133,0.003010523121683423,121,1.5512820512820513,16,2,0.34427594402495765
first-new,134,0.0030106108780065255,126,1.6153846153846154,19,8,0.18725547920534683
first-new,135,0.002999247818911184,108,1.3846153846153846,15,3,0.02982313433163416
first-new,136,0.0029880834387154944,130,1.6666666666666667,17,1,0.008619605841589679
first-new,137,0.0029662224032688716,126,1.6153846153846154,16,3,0.10436915289523938
first-new,138,0.0029526608655711306,117,1.5,21,3,0.3042780284586267
first-new,139,0.0029462700089081767,121,1.5512820512820513,16,5,0.17208087013237755
first-new,140,0.004374080308655107,161,2.0641025641025643,11,4,0.09246598539159052
first-new,141,0.008658085069170625,364,4.666666666666667,0,10,0.17671646791831122
first-new,142,0.008346197677690622,324,4.153846153846154,1,6,0.10765661616316524
first-new,143,0.0030248961572387077,123,1.5769230769230769,18,12,0.2927256847914381
first-new,144,0.003008434522343193,142,1.8205128205128205,6,2,0.46516041455462287
first-new,145,0.0030063569944854033,135,1.7307692307692308,15,3,0.00887289666249816
first-new,146,0.002980524350918867,129,1.6538461538461537,18,8,0.1331403224668684
first-new,147,0.0029806068083200817,114,1.4615384615384615,19,8,0.1656477506366831
first-new,148,0.002969502618732987,144,1.8461538461538463,11,7,0.2445220378414323
first-new,149,0.0029580582045670247,107,1.3717948717948718,15,1,0.0012963559495136824
first-new,150,0.0029361969996104134,100,1.2820512820512822,20,1,0.21455743445859865
first-new,151,0.0029226356056492116,125,1.6025641025641026,15,8,0.5993336932690077
first-new,152,0.0029162448758709276,115,1.4743589743589745,17,4,0.10242559862243597
first-new,153,0.0028860286010029094,103,1.3205128205128205,21,4,0.03122470934611822
first-new,154,0.004284005053936323,157,2.0128205128205128,8,2,0.0023880859633541632
first-new,155,0.0082561217647576,345,4.423076923076923,0,8,0.5956454100117907
first-new,156,0.0029209535351987642,97,1.2435897435897436,24,4,0.04068417487041997
first-new,157,0.002904478032205372,130,1.6666666666666667,13,4,0.0519363361254878
first-new,158,0.0029024088276845255,113,1.4487179487179487,15,7,0.18429868200076582
first-new,159,0.0028765640116156376,106,1.358974358974359,21,7,0.033850837202927836
first-new,160,0.00287664555405943,113,1.4487179487179487,17,12,0.30608429289729444
first-new,161,0.0028655407057624678,109,1.3974358974358974,22,5,0.04256407903889282
first-new,162,0.002854096463089066,131,1.6794871794871795,14,9,0.2306644182863989
first-new,163,0.0028322345637362746,95,1.2179487179487178,23,9,0.025802431106247744
first-new,164,0.0028186729016320797,132,1.6923076923076923,11,7,0.23610686498668274
first-new,165,0.0028122821203068987,124,1.5897435897435896,19,2,0.0022790867393621605
first-new,166,0.002782065810743854,133,1.705128205128205,15,3,0.06055500933971965
first-new,167,0.002752040727766573,121,1.5512820512820513,18,2,0.0024761986562803467
first-new,168,0.003972108648688113,146,1.8717948717948718,12,2,0.0166675208616701
replication-old,0,0.004790793724696479,167,2.141025641025641,8,4,0.03334554312582681
replication-old,1,0.009512847260521819,364,4.666666666666667,0,2,0.10114272706146923
replication-old,2,0.009506641694301852,370,4.743589743589744,1,0,0.004382355129740739
replication-old,3,0.009429105229310572,401,5.141025641025641,0,0,0.025724054163476666
replication-old,4,0.009429352148007004,375,4.8076923076923075,1,4,0.09518842556659796
replication-old,5,0.009396037340559372,406,5.205128205128205,0,3,0.13952786819027563
replication-old,6,0.009361703242193552,361,4.628205128205129,2,6,0.03581759094869771
replication-old,7,0.009296117200453959,367,4.705128205128205,1,0,0.0008862121527819324
replication-old,8,0.009255431872587724,389,4.987179487179487,0,0,0.0008210178829425517
replication-old,9,0.009236259296157876,349,4.4743589743589745,0,2,0.25020317231577993
replication-old,10,0.009145610283355409,362,4.641025641025641,1,9,0.2915719766917952
replication-old,11,0.009055534566697113,359,4.602564102564102,0,5,0.12922818090449634
replication-old,12,0.008750471453727546,354,4.538461538461538,0,4,0.2765406602080834
replication-old,13,0.00317094900525911,116,1.4871794871794872,13,4,0.17048092619392208
replication-old,14,0.00474131789843658,189,2.423076923076923,13,3,0.07034868496474414
replication-old,15,0.009457166113881007,377,4.833333333333333,1,0,0.04361062487351088
replication-old,16,0.009379629648889725,372,4.769230769230769,0,3,0.07539331907645015
replication-old,17,0.00937987656758616,381,4.884615384615385,0,4,0.07446601870756384
replication-old,18,0.009346561760138525,360,4.615384615384615,0,1,0.019583840233422505
replication-old,19,0.009312227661772707,396,5.076923076923077,0,4,0.05070221616843352
replication-old,20,0.009246641620033112,361,4.628205128205129,0,2,0.5467920424149182
replication-old,21,0.009205956292166879,356,4.564102564102564,0,3,0.12221552276343715
replication-old,22,0.00918678371573703,349,4.4743589743589745,1,1,0.016107477531218016
replication-old,23,0.009096134702934562,378,4.846153846153846,0,0,0.00045393860386134757
replication-old,24,0.009006058986276266,358,4.589743589743589,1,8,0.023213454300702346
replication-old,25,0.00871117416475761,335,4.294871794871795,2,9,0.13999568753339162
replication-old,26,0.0031688804832390063,115,1.4743589743589745,20,3,0.03143807875689683
replication-old,27,0.0031523886235230235,121,1.5512820512820513,20,4,0.012036110276651064
replication-old,28,0.004735112089351418,193,2.4743589743589745,6,2,0.001119265094845967
replication-old,29,0.00937342408266976,402,5.153846153846154,0,6,0.316790672232992
replication-old,30,0.009373671001366192,369,4.730769230769231,2,4,0.1481102286410837
replication-old,31,0.00934035619391856,369,4.730769230769231,0,9,0.15150682721256162
replication-old,32,0.009306022095552742,393,5.038461538461538,0,3,0.02165166279864364
replication-old,33,0.009240436053813146,402,5.153846153846154,0,4,0.14048106694533835
replication-old,34,0.009199750725946912,380,4.871794871794871,0,6,0.11385622777985652
replication-old,35,0.009180578149517064,328,4.205128205128205,2,3,0.02481942889395096
replication-old,36,0.009089929136714596,380,4.871794871794871,1,1,0.15252730510724863
replication-old,37,0.0089998534200563,359,4.602564102564102,2,2,0.0054346510257546506
replication-old,38,0.008706783739295723,316,4.051282051282051,1,3,0.08292053193752884
replication-old,39,0.0031430349955735267,114,1.4615384615384615,21,3,0.5381601003822103
replication-old,40,0.0031265820393601806,121,1.5512820512820513,16,2,0.013962112251745038
replication-old,41,0.0031308951109540934,135,1.7307692307692308,13,4,0.1050787467581743
replication-old,42,0.004657575877138198,169,2.1666666666666665,6,2,0.13608814202613514
replication-old,43,0.00929613453637491,340,4.358974358974359,2,1,0.001046637971422764
replication-old,44,0.009262819728927278,405,5.1923076923076925,1,0,0.008427236873997273
replication-old,45,0.00922848563056146,409,5.243589743589744,2,1,0.05215048393392041
replication-old,46,0.009162899588821865,331,4.243589743589744,0,16,0.2816062765507748
replication-old,47,0.00912221426095563,359,4.602564102564102,1,3,0.13760681337661376
replication-old,48,0.009103041684525784,387,4.961538461538462,0,4,0.12129108422885163
replication-old,49,0.009012392671723315,353,4.5256410256410255,2,1,0.08483057497062794
replication-old,50,0.008922321679882108,369,4.730769230769231,1,5,0.2330147872504121
replication-old,51,0.008629658602692861,344,4.410256410256411,0,2,0.04331904792007231
replication-old,52,0.003143117301803553,129,1.6538461538461537,18,0,0.007456100606037837
replication-old,53,0.00312662544208757,115,1.4743589743589745,21,3,0.12916081709275387
replication-old,54,0.003124612815858345,132,1.6923076923076923,12,3,0.05027640954914282
replication-old,55,0.003105130327599686,134,1.7179487179487178,12,2,0.007305512051026564
replication-old,56,0.004657822776008899,191,2.448717948717949,7,3,0.017363526911365453
replication-old,57,0.009263066647623712,387,4.961538461538462,0,9,0.2049393179185559
replication-old,58,0.009228732549257894,381,4.884615384615385,0,1,0.005304247682739863
replication-old,59,0.009163146507518297,389,4.987179487179487,1,3,0.2269924688963678
replication-old,60,0.009122461179652064,345,4.423076923076923,1,13,0.03319416939484217
replication-old,61,0.009103288603222215,370,4.743589743589744,2,2,0.03065827687439343
replication-old,62,0.009012639590419749,327,4.1923076923076925,1,1,0.0005691455148261686
replication-old,63,0.008922569928609137,375,4.8076923076923075,0,6,0.07066914778136554
replication-old,64,0.008629688899514034,330,4.230769230769231,1,10,0.1584846260122499
replication-old,65,0.0031320123662733814,116,1.4871794871794872,17,1,0.03752052629584363
replication-old,66,0.003115520506557398,124,1.5897435897435896,11,3,0.13931543352413617
replication-old,67,0.0031134519845372947,122,1.564102564102564,17,0,0.001199042494642184
replication-old,68,0.0030925460922791082,135,1.7307692307692308,14,8,0.12068617924036233
replication-old,69,0.003094107729029421,131,1.6794871794871795,12,2,0.11304818297742775
replication-old,70,0.004624507869432617,171,2.1923076923076925,11,8,0.13203806655634212
replication-old,71,0.009195417741810262,364,4.666666666666667,1,4,0.02855360349049441
replication-old,72,0.009129831700070664,357,4.576923076923077,1,0,0.0004522805180766292
replication-old,73,0.009089146372204432,314,4.0256410256410255,2,2,0.03470367932243767
replication-old,74,0.009069973795774582,383,4.910256410256411,1,5,0.1566394230204025
replication-old,75,0.008979324782972116,359,4.602564102564102,0,0,0.004571522902379153
replication-old,76,0.008889249585588644,375,4.8076923076923075,0,0,0.000473370620956976
replication-old,77,0.008596451115028006,329,4.217948717948718,1,4,0.018241208760393892
replication-old,78,0.003120567667112555,111,1.4230769230769231,21,1,0.3375618945515032
replication-old,79,0.0031040758073965723,121,1.5512820512820513,17,0,0.008494799637978483
replication-old,80,0.0031020072853764685,107,1.3717948717948718,22,7,0.12480737009213526
replication-old,81,0.0030766711611621336,112,1.435897435897436,14,7,0.04931276125667171
replication-old,82,0.0030826649524687264,119,1.5256410256410255,24,2,0.11313186948680864
replication-old,83,0.003071559958948295,148,1.8974358974358974,16,1,0.0032909842865753804
replication-old,84,0.004590173593626515,162,2.076923076923077,8,2,0.0019167342368024952
replication-old,85,0.009095536099493505,368,4.717948717948718,3,0,0.0005584144047119248
replication-old,86,0.009054823459607524,366,4.6923076923076925,1,1,0.003069932274132406
replication-old,87,0.009035639697408766,393,5.038461538461538,1,4,0.20657515746005176
replication-old,88,0.008944991632856244,361,4.628205128205129,4,2,0.0007171048388227786
replication-old,89,0.008870288926542031,364,4.666666666666667,0,10,0.30307945290889354
replication-old,90,0.008562270572889864,368,4.717948717948718,0,7,0.28049163624785867
replication-old,91,0.0030987056537618175,127,1.6282051282051282,17,6,0.29685938777429216
replication-old,92,0.003082213794045835,116,1.4871794871794872,15,3,0.12407286073786396
replication-old,93,0.003080145272025731,130,1.6666666666666667,15,0,0.0020174890116199753
replication-old,94,0.0030551849830528464,130,1.6666666666666667,12,5,0.06136032189654614
replication-old,95,0.003060802798850952,128,1.641025641025641,17,3,0.02930430130673888
replication-old,96,0.0030496971044909785,109,1.3974358974358974,20,7,0.03431842948879083
replication-old,97,0.003038252900973393,101,1.294871794871795,18,2,0.18147883812057647
replication-old,98,0.004524587518183176,190,2.4358974358974357,5,2,0.0818118380282234
replication-old,99,0.008989226232099018,352,4.512820512820513,1,9,0.29837306691311494
replication-old,100,0.00897005864301116,350,4.487179487179487,1,2,0.07431940385078459
replication-old,101,0.008897074213832389,360,4.615384615384615,0,4,0.04307873567869277
replication-old,102,0.008808510962475227,394,5.051282051282051,0,2,0.3510983615514114
replication-old,103,0.00849669870654732,341,4.371794871794871,0,6,0.16968996304933
replication-old,104,0.003085143878155321,124,1.5897435897435896,20,4,0.02043534690077895
replication-old,105,0.003068652018439338,115,1.4743589743589745,18,3,0.09937854666330734
replication-old,106,0.003066583496419234,116,1.4871794871794872,17,3,0.08047873716949645
replication-old,107,0.003040740248649781,134,1.7179487179487178,13,5,0.0412548415020324
replication-old,108,0.0030408203149837813,118,1.5128205128205128,20,1,0.03857368820761776
replication-old,109,0.0030361325646821274,122,1.564102564102564,16,8,0.01977059383581112
replication-old,110,0.003024691110993242,109,1.3974358974358974,17,9,0.2547657328373776
replication-old,111,0.003002829561068935,111,1.4230769230769231,17,4,0.0974616094176805
replication-old,112,0.004483901867157541,164,2.1025641025641026,12,9,0.17730092856787977
replication-old,113,0.008948627684417313,358,4.589743589743589,0,2,0.03613269090925204
replication-old,114,0.008857952729646955,348,4.461538461538462,1,8,0.36121270477759126
replication-old,115,0.008767899905759253,324,4.153846153846154,1,12,0.28394855455210105
replication-old,116,0.008456018424329408,349,4.4743589743589745,1,4,0.15474287124661426
replication-old,117,0.003078753019509794,114,1.4615384615384615,16,3,0.1273779169731512
replication-old,118,0.0030622611597938116,113,1.4487179487179487,19,3,0.05233665218409823
replication-old,119,0.0030601926377737078,126,1.6153846153846154,17,9,0.23958160797205424
replication-old,120,0.003040739542766197,117,1.5,20,2,0.019496375727526716
replication-old,121,0.0030344294563382545,130,1.6666666666666667,15,0,0.00044217663696178834
replication-old,122,0.0030297342847703562,127,1.6282051282051282,15,3,0.017383148963576168
replication-old,123,0.0030183005204907085,118,1.5128205128205128,20,6,0.08034231462559234
replication-old,124,0.00299643869350183,119,1.5256410256410255,15,1,0.0016965898734579825
replication-old,125,0.002982874835202435,115,1.4743589743589745,20,4,0.10831336866521579
replication-old,126,0.004464729101391971,179,2.2948717948717947,6,6,0.005958942873193439
replication-old,127,0.008838791741356376,349,4.4743589743589745,0,7,0.26073451218026594
replication-old,128,0.008748729593427788,344,4.410256410256411,0,2,0.0027422931848233288
replication-old,129,0.008436846232518724,345,4.423076923076923,1,6,0.04391458994081222
replication-old,130,0.003048589629748466,117,1.5,18,3,0.31165681533976053
replication-old,131,0.0030383263451918183,109,1.3974358974358974,21,6,0.11574827549812372
replication-old,132,0.0030300838891443495,135,1.7307692307692308,13,2,0.01296994176818955
replication-old,133,0.003010523121683423,137,1.7564102564102564,14,7,0.369835909522297
replication-old,134,0.0030106108780065255,122,1.564102564102564,17,5,0.11489203716383162
replication-old,135,0.002999247818911184,129,1.6538461538461537,10,3,0.26299929329343563
replication-old,136,0.0029880834387154944,114,1.4615384615384615,19,1,0.14473004351774854
replication-old,137,0.0029662224032688716,120,1.5384615384615385,16,3,0.18471335966997393
replication-old,138,0.0029526608655711306,123,1.5769230769230769,12,4,0.11957251547719218
replication-old,139,0.0029462700089081767,110,1.4102564102564104,18,4,0.14851407754917265
replication-old,140,0.004374080308655107,187,2.3974358974358974,7,2,0.012773829327785214
replication-old,141,0.008658085069170625,341,4.371794871794871,0,6,0.052475882833413486
replication-old,142,0.008346197677690622,351,4.5,1,13,0.30884687823246754
replication-old,143,0.0030248961572387077,129,1.6538461538461537,13,2,0.0016104266881261926
replication-old,144,0.003008434522343193,140,1.794871794871795,10,0,0.0037701298760281863
replication-old,145,0.0030063569944854033,112,1.435897435897436,17,3,0.2137188954647754
replication-old,146,0.002980524350918867,116,1.4871794871794872,19,1,0.005365097526882507
replication-old,147,0.0029806068083200817,133,1.705128205128205,16,2,0.00431288385267208
replication-old,148,0.002969502618732987,100,1.2820512820512822,25,11,0.4408827867686378
replication-old,149,0.0029580582045670247,105,1.3461538461538463,20,1,0.0799955916926108
replication-old,150,0.0029361969996104134,117,1.5,18,4,0.04481411103203732
replication-old,151,0.0029226356056492116,125,1.6025641025641026,19,6,0.2778206796286603
replication-old,152,0.0029162448758709276,117,1.5,16,2,0.0037584467144501296
replication-old,153,0.0028860286010029094,127,1.6282051282051282,18,5,0.05240057952687525
replication-old,154,0.004284005053936323,164,2.1025641025641026,10,2,0.0012617980355240494
replication-old,155,0.0082561217647576,347,4.448717948717949,0,2,0.00340297063145068
replication-old,156,0.0029209535351987642,116,1.4871794871794872,16,3,0.25749917678807827
replication-old,157,0.002904478032205372,98,1.2564102564102564,25,0,0.0005538931295192425
replication-old,158,0.0029024088276845255,109,1.3974358974358974,20,4,0.05988010715472739
replication-old,159,0.0028765640116156376,116,1.4871794871794872,21,6,0.0518558782218491
replication-old,160,0.00287664555405943,111,1.4230769230769231,16,4,0.39079889758356695
replication-old,161,0.0028655407057624678,106,1.358974358974359,21,4,0.12068054394175057
replication-old,162,0.002854096463089066,105,1.3461538461538463,19,6,0.07999033872853925
replication-old,163,0.0028322345637362746,122,1.564102564102564,16,7,0.3250707770190139
replication-old,164,0.0028186729016320797,119,1.5256410256410255,18,9,0.10738578072377868
replication-old,165,0.0028122821203068987,109,1.3974358974358974,19,6,0.2630714819890687
replication-old,166,0.002782065810743854,93,1.1923076923076923,25,8,0.10446494953384103
replication-old,167,0.002752040727766573,126,1.6153846153846154,15,2,0.001677851602591315
replication-old,168,0.003972108648688113,163,2.08974358974359,8,2,0.03640427581898074
replication-new,0,0.004790793724696479,167,2.141025641025641,8,6,0.10893653710202933
replication-new,1,0.009512847260521819,364,4.666666666666667,0,4,0.21113635524786234
replication-new,2,0.009506641694301852,370,4.743589743589744,1,4,0.11028783950250574
replication-new,3,0.009429105229310572,401,5.141025641025641,0,7,0.15939914875052485
replication-new,4,0.009429352148007004,375,4.8076923076923075,1,2,0.0631061636433282
replication-new,5,0.009396037340559372,406,5.205128205128205,0,2,0.32835081626251905
replication-new,6,0.009361703242193552,361,4.628205128205129,2,2,0.015606145757991437
replication-new,7,0.009296117200453959,367,4.705128205128205,1,2,0.17815500695232703
replication-new,8,0.009255431872587724,389,4.987179487179487,0,8,0.399081562824279
replication-new,9,0.009236259296157876,349,4.4743589743589745,0,0,0.0032558266872808905
replication-new,10,0.009145610283355409,362,4.641025641025641,1,0,0.000924307381986344
replication-new,11,0.009055534566697113,359,4.602564102564102,0,10,0.07939526537017892
replication-new,12,0.008750471453727546,354,4.538461538461538,0,2,0.07768746289084628
replication-new,13,0.00317094900525911,116,1.4871794871794872,13,13,0.13001900098422878
replication-new,14,0.00474131789843658,189,2.423076923076923,13,3,0.09861244464458059
replication-new,15,0.009457166113881007,377,4.833333333333333,1,1,0.32457902691383017
replication-new,16,0.009379629648889725,372,4.769230769230769,0,5,0.009115194587549393
replication-new,17,0.00937987656758616,381,4.884615384615385,0,13,0.3551265854118578
replication-new,18,0.009346561760138525,360,4.615384615384615,0,0,0.0009383828327193223
replication-new,19,0.009312227661772707,396,5.076923076923077,0,12,0.2679445345480849
replication-new,20,0.009246641620033112,361,4.628205128205129,0,10,0.323485023349805
replication-new,21,0.009205956292166879,356,4.564102564102564,0,6,0.028874062049329942
replication-new,22,0.00918678371573703,349,4.4743589743589745,1,5,0.29614862300534256
replication-new,23,0.009096134702934562,378,4.846153846153846,0,0,0.00045393860386134757
replication-new,24,0.009006058986276266,358,4.589743589743589,1,1,0.15369741727766464
replication-new,25,0.00871117416475761,335,4.294871794871795,2,10,0.09896193153712078
replication-new,26,0.0031688804832390063,115,1.4743589743589745,20,3,0.06567271391232782
replication-new,27,0.0031523886235230235,121,1.5512820512820513,20,4,0.060356209381085435
replication-new,28,0.004735112089351418,193,2.4743589743589745,6,2,0.06715907236511447
replication-new,29,0.00937342408266976,402,5.153846153846154,0,2,0.17638220250267686
replication-new,30,0.009373671001366192,369,4.730769230769231,2,1,0.007380681810385454
replication-new,31,0.00934035619391856,369,4.730769230769231,0,7,0.29542919730538647
replication-new,32,0.009306022095552742,393,5.038461538461538,0,7,0.09416117939415986
replication-new,33,0.009240436053813146,402,5.153846153846154,0,2,0.0424697657843807
replication-new,34,0.009199750725946912,380,4.871794871794871,0,7,0.22002318532073004
replication-new,35,0.009180578149517064,328,4.205128205128205,2,2,0.08076516282997082
replication-new,36,0.009089929136714596,380,4.871794871794871,1,0,0.10127776128282383
replication-new,37,0.0089998534200563,359,4.602564102564102,2,0,0.0010038092763782515
replication-new,38,0.008706783739295723,316,4.051282051282051,1,6,0.22555504539716464
replication-new,39,0.0031430349955735267,114,1.4615384615384615,21,1,0.7219354696479017
replication-new,40,0.0031265820393601806,121,1.5512820512820513,16,2,0.030834805206858388
replication-new,41,0.0031308951109540934,135,1.7307692307692308,13,2,0.29459611810949393
replication-new,42,0.004657575877138198,169,2.1666666666666665,6,6,0.2552385867644964
replication-new,43,0.00929613453637491,340,4.358974358974359,2,1,0.019587478038082286
replication-new,44,0.009262819728927278,405,5.1923076923076925,1,3,0.40124919541401183
replication-new,45,0.00922848563056146,409,5.243589743589744,2,2,0.18790569372166782
replication-new,46,0.009162899588821865,331,4.243589743589744,0,4,0.11866416733197635
replication-new,47,0.00912221426095563,359,4.602564102564102,1,5,0.13651284716026957
replication-new,48,0.009103041684525784,387,4.961538461538462,0,4,0.07909137861649046
replication-new,49,0.009012392671723315,353,4.5256410256410255,2,3,0.01634463673948707
replication-new,50,0.008922321679882108,369,4.730769230769231,1,2,0.015572971529641664
replication-new,51,0.008629658602692861,344,4.410256410256411,0,6,0.30707798882718695
replication-new,52,0.003143117301803553,129,1.6538461538461537,18,1,0.544112928054591
replication-new,53,0.00312662544208757,115,1.4743589743589745,21,2,0.1787607404880524
replication-new,54,0.003124612815858345,132,1.6923076923076923,12,14,0.09065605848947303
replication-new,55,0.003105130327599686,134,1.7179487179487178,12,4,0.13569530804056262
replication-new,56,0.004657822776008899,191,2.448717948717949,7,5,0.11322964550741582
replication-new,57,0.009263066647623712,387,4.961538461538462,0,6,0.1498528822348217
replication-new,58,0.009228732549257894,381,4.884615384615385,0,7,0.09533197133965214
replication-new,59,0.009163146507518297,389,4.987179487179487,1,3,0.12095365612052754
replication-new,60,0.009122461179652064,345,4.423076923076923,1,4,0.113964107259894
replication-new,61,0.009103288603222215,370,4.743589743589744,2,7,0.12788371731935727
replication-new,62,0.009012639590419749,327,4.1923076923076925,1,1,0.0005691455148261686
replication-new,63,0.008922569928609137,375,4.8076923076923075,0,1,0.016705594749441284
replication-new,64,0.008629688899514034,330,4.230769230769231,1,1,0.0320337852750435
replication-new,65,0.0031320123662733814,116,1.4871794871794872,17,0,0.0008947775259138137
replication-new,66,0.003115520506557398,124,1.5897435897435896,11,2,0.011681217829130902
replication-new,67,0.0031134519845372947,122,1.564102564102564,17,4,0.13154480977767177
replication-new,68,0.0030925460922791082,135,1.7307692307692308,14,6,0.09829714514877798
replication-new,69,0.003094107729029421,131,1.6794871794871795,12,3,0.03227645302816692
replication-new,70,0.004624507869432617,171,2.1923076923076925,11,5,0.30343258465555406
replication-new,71,0.009195417741810262,364,4.666666666666667,1,6,0.48620000992509843
replication-new,72,0.009129831700070664,357,4.576923076923077,1,2,0.004232158541469064
replication-new,73,0.009089146372204432,314,4.0256410256410255,2,8,0.4791348495946643
replication-new,74,0.009069973795774582,383,4.910256410256411,1,2,0.2117969430654482
replication-new,75,0.008979324782972116,359,4.602564102564102,0,1,0.3473961613869617
replication-new,76,0.008889249585588644,375,4.8076923076923075,0,0,0.0022041737692526774
replication-new,77,0.008596451115028006,329,4.217948717948718,1,12,0.07745102145842232
replication-new,78,0.003120567667112555,111,1.4230769230769231,21,3,0.08924054346093802
replication-new,79,0.0031040758073965723,121,1.5512820512820513,17,2,0.011858825854465963
replication-new,80,0.0031020072853764685,107,1.3717948717948718,22,0,0.0004572810182543421
replication-new,81,0.0030766711611621336,112,1.435897435897436,14,5,0.14191597178774473
replication-new,82,0.0030826649524687264,119,1.5256410256410255,24,5,0.3260060293437983
replication-new,83,0.003071559958948295,148,1.8974358974358974,16,4,0.32320073864665505
replication-new,84,0.004590173593626515,162,2.076923076923077,8,4,0.193790175638862
replication-new,85,0.009095536099493505,368,4.717948717948718,3,4,0.10346444006564623
replication-new,86,0.009054823459607524,366,4.6923076923076925,1,3,0.04660509664901354
replication-new,87,0.009035639697408766,393,5.038461538461538,1,2,0.010392654975288412
replication-new,88,0.008944991632856244,361,4.628205128205129,4,6,0.294302122016445
replication-new,89,0.008870288926542031,364,4.666666666666667,0,3,0.050844015304524745
replication-new,90,0.008562270572889864,368,4.717948717948718,0,6,0.35681938382632966
replication-new,91,0.0030987056537618175,127,1.6282051282051282,17,2,0.0012317978351700188
replication-new,92,0.003082213794045835,116,1.4871794871794872,15,4,0.17545975313604356
replication-new,93,0.003080145272025731,130,1.6666666666666667,15,0,0.0006139476093222099
replication-new,94,0.0030551849830528464,130,1.6666666666666667,12,3,0.3371470935949603
replication-new,95,0.003060802798850952,128,1.641025641025641,17,15,0.1041096481585026
replication-new,96,0.0030496971044909785,109,1.3974358974358974,20,4,0.2584123401618657
replication-new,97,0.003038252900973393,101,1.294871794871795,18,1,0.023267297141899092
replication-new,98,0.004524587518183176,190,2.4358974358974357,5,5,0.26087621346198786
replication-new,99,0.008989226232099018,352,4.512820512820513,1,2,0.0007270992572343809
replication-new,100,0.00897005864301116,350,4.487179487179487,1,0,0.0006712083292969956
replication-new,101,0.008897074213832389,360,4.615384615384615,0,6,0.04760773681786895
replication-new,102,0.008808510962475227,394,5.051282051282051,0,1,0.023954206517318014
replication-new,103,0.00849669870654732,341,4.371794871794871,0,5,0.21496019358614712
replication-new,104,0.003085143878155321,124,1.5897435897435896,20,6,0.11161078836310014
replication-new,105,0.003068652018439338,115,1.4743589743589745,18,2,0.09143529500897889
replication-new,106,0.003066583496419234,116,1.4871794871794872,17,9,0.6188228895507614
replication-new,107,0.003040740248649781,134,1.7179487179487178,13,4,0.10944883801543805
replication-new,108,0.0030408203149837813,118,1.5128205128205128,20,1,0.05490006009503751
replication-new,109,0.0030361325646821274,122,1.564102564102564,16,4,0.0699274705297564
replication-new,110,0.003024691110993242,109,1.3974358974358974,17,6,0.32987931505216384
replication-new,111,0.003002829561068935,111,1.4230769230769231,17,2,0.002096287788649815
replication-new,112,0.004483901867157541,164,2.1025641025641026,12,3,0.3289845439300908
replication-new,113,0.008948627684417313,358,4.589743589743589,0,6,0.14006372705782097
replication-new,114,0.008857952729646955,348,4.461538461538462,1,7,0.22016659184824372
replication-new,115,0.008767899905759253,324,4.153846153846154,1,2,0.09688044023302392
replication-new,116,0.008456018424329408,349,4.4743589743589745,1,13,0.18542064049833892
replication-new,117,0.003078753019509794,114,1.4615384615384615,16,1,0.0269119392790177
replication-new,118,0.0030622611597938116,113,1.4487179487179487,19,3,0.03379096947420118
replication-new,119,0.0030601926377737078,126,1.6153846153846154,17,6,0.16071173290239227
replication-new,120,0.003040739542766197,117,1.5,20,1,0.05754026875544017
replication-new,121,0.0030344294563382545,130,1.6666666666666667,15,0,0.00044217663696178834
replication-new,122,0.0030297342847703562,127,1.6282051282051282,15,6,0.01774375275114081
replication-new,123,0.0030183005204907085,118,1.5128205128205128,20,3,0.426701700345265
replication-new,124,0.00299643869350183,119,1.5256410256410255,15,6,0.10808904802174614
replication-new,125,0.002982874835202435,115,1.4743589743589745,20,5,0.06939330990392831
replication-new,126,0.004464729101391971,179,2.2948717948717947,6,6,0.05032918868223101
replication-new,127,0.008838791741356376,349,4.4743589743589745,0,0,0.00046665965225366863
replication-new,128,0.008748729593427788,344,4.410256410256411,0,5,0.4585712179477056
replication-new,129,0.008436846232518724,345,4.423076923076923,1,3,0.21636110673634473
replication-new,130,0.003048589629748466,117,1.5,18,6,0.27932667718255766
replication-new,131,0.0030383263451918183,109,1.3974358974358974,21,3,0.23267290596670198
replication-new,132,0.0030300838891443495,135,1.7307692307692308,13,5,0.07117158247782111
replication-new,133,0.003010523121683423,137,1.7564102564102564,14,2,0.11851688383210056
replication-new,134,0.0030106108780065255,122,1.564102564102564,17,4,0.11200294249381376
replication-new,135,0.002999247818911184,129,1.6538461538461537,10,6,0.028430372337673676
replication-new,136,0.0029880834387154944,114,1.4615384615384615,19,5,0.1676770036524558
replication-new,137,0.0029662224032688716,120,1.5384615384615385,16,2,0.0013314317483085747
replication-new,138,0.0029526608655711306,123,1.5769230769230769,12,9,0.17599611674650043
replication-new,139,0.0029462700089081767,110,1.4102564102564104,18,3,0.12860766735901183
replication-new,140,0.004374080308655107,187,2.3974358974358974,7,4,0.024159985953786673
replication-new,141,0.008658085069170625,341,4.371794871794871,0,16,0.1101263605216299
replication-new,142,0.008346197677690622,351,4.5,1,4,0.42924990663528606
replication-new,143,0.0030248961572387077,129,1.6538461538461537,13,5,0.2148885061049738
replication-new,144,0.003008434522343193,140,1.794871794871795,10,1,0.30217391128515364
replication-new,145,0.0030063569944854033,112,1.435897435897436,17,3,0.5163200391072224
replication-new,146,0.002980524350918867,116,1.4871794871794872,19,7,0.12653517933746955
replication-new,147,0.0029806068083200817,133,1.705128205128205,16,3,0.04264183410581852
replication-new,148,0.002969502618732987,100,1.2820512820512822,25,8,0.2429722847957328
replication-new,149,0.0029580582045670247,105,1.3461538461538463,20,3,0.36464685970874317
replication-new,150,0.0029361969996104134,117,1.5,18,8,0.1347333147058206
replication-new,151,0.0029226356056492116,125,1.6025641025641026,19,8,0.171915764661133
replication-new,152,0.0029162448758709276,117,1.5,16,2,0.0037477375010827206
replication-new,153,0.0028860286010029094,127,1.6282051282051282,18,9,0.3461611939685906
replication-new,154,0.004284005053936323,164,2.1025641025641026,10,8,0.1900853852557305
replication-new,155,0.0082561217647576,347,4.448717948717949,0,2,0.004020761860561659
replication-new,156,0.0029209535351987642,116,1.4871794871794872,16,2,0.004143490931077702
replication-new,157,0.002904478032205372,98,1.2564102564102564,25,1,0.21698897477393797
replication-new,158,0.0029024088276845255,109,1.3974358974358974,20,2,0.0021578528731877582
replication-new,159,0.0028765640116156376,116,1.4871794871794872,21,6,0.10073605262952337
replication-new,160,0.00287664555405943,111,1.4230769230769231,16,3,0.19748527866350551
replication-new,161,0.0028655407057624678,106,1.358974358974359,21,2,0.23783008353628263
replication-new,162,0.002854096463089066,105,1.3461538461538463,19,6,0.31613255924816075
replication-new,163,0.0028322345637362746,122,1.564102564102564,16,2,0.2268068257550072
replication-new,164,0.0028186729016320797,119,1.5256410256410255,18,6,0.2322047193121198
replication-new,165,0.0028122821203068987,109,1.3974358974358974,19,14,0.306106843706801
replication-new,166,0.002782065810743854,93,1.1923076923076923,25,4,0.102953184866945
replication-new,167,0.002752040727766573,126,1.6153846153846154,15,2,0.0020857998640354237
replication-new,168,0.003972108648688113,163,2.08974358974359,8,2,0.07390698367315099
