hand,entry_mass,first-old_fold,first-old_call,first-old_raise,first-old_jam,first-new_fold,first-new_call,first-new_raise,first-new_jam,replication-old_fold,replication-old_call,replication-old_raise,replication-old_jam,replication-new_fold,replication-new_call,replication-new_raise,replication-new_jam,baseline_cross_seed_TV,candidate_cross_seed_TV,first_matched_change_TV,replication_matched_change_TV
AA,0.004790793724696479,0.9987965837594549,0.00044317471520117363,0.0006790990391381114,8.114248620577734e-05,0.004417988820565214,0.9842383232157033,0.011262545477525848,8.114248620577734e-05,0.029059711291121258,0.9666544568741732,0.004204689348499763,8.114248620577734e-05,0.10665317201820577,0.8910634628979707,0.0022022225976177884,8.114248620577734e-05,0.9697368724683336,0.1022351831976406,0.9943785949388898,0.07759346072708449
AKs,0.009512847260521819,0.9646967214977674,0.03510170675372232,0.00012042926230459529,8.114248620577734e-05,0.5758105604247423,0.42398786782674736,0.00012042926230459529,8.114248620577734e-05,0.8553025885539025,0.14450668530174102,0.0001095836581505519,8.114248620577734e-05,0.7888636447521375,0.2109456291035061,0.0001095836581505519,8.114248620577734e-05,0.10940497854801882,0.21305308432739525,0.3888861610730251,0.06643894380176502
AQs,0.009506641694301852,0.9988566194943524,0.0009810955332358957,8.114248620577734e-05,8.114248620577734e-05,0.5300895112732474,0.4697482037543409,8.114248620577734e-05,8.114248620577734e-05,0.9956176448702593,0.00032375889085895133,0.003977453752676026,8.114248620577734e-05,0.8897121604974942,0.11012555453009416,8.114248620577734e-05,8.114248620577734e-05,0.0038963112664701822,0.3596226492242468,0.468767108221105,0.10980179563923524
AJs,0.009429105229310572,0.2173294162669779,0.780556049382415,0.0020333918644013767,8.114248620577734e-05,0.6899186357339657,0.28802931057344644,0.02197091120638211,8.114248620577734e-05,0.9742759458365233,0.025538532281969204,0.00010437939530168158,8.114248620577734e-05,0.5088604680366091,0.4007846830318797,0.09027370644530532,8.114248620577734e-05,0.7569465295695454,0.18105816769735655,0.4925267388089685,0.4654154777999142
ATs,0.009429352148007004,0.39983206502761015,0.14621937819691208,0.45386741428927196,8.114248620577734e-05,0.31050059834219995,0.4518876971397021,0.23753056203189182,8.114248620577734e-05,0.5358372609530919,0.45143159129815524,0.01265000526254718,8.114248620577734e-05,0.9368938363566718,0.06289996257247266,0.0001250585846497589,8.114248620577734e-05,0.44121740902672485,0.6263932380144717,0.3056683189427902,0.4010565754035799
A9s,0.009396037340559372,0.5008664955716682,0.3886137154722891,0.11043864646983707,8.114248620577734e-05,0.7785572107587398,0.22090771132642056,0.00045393542863375776,8.114248620577734e-05,0.2487942794542189,0.7510431367209698,8.144133860560422e-05,8.114248620577734e-05,0.19462979162051675,0.7980701731214825,0.007218892771794844,8.114248620577734e-05,0.3624294212486807,0.5839274191382231,0.2776907151870718,0.05416448783370207
A8s,0.009361703242193552,0.17998252451981875,0.8049420183666295,0.01499431462734599,8.114248620577734e-05,0.993148102804057,0.0065476725630543775,0.00022308214668297386,8.114248620577734e-05,0.9641824090513023,0.03552053261219863,0.00021591585029326574,8.114248620577734e-05,0.9843938542420085,0.010838465152602554,0.004686538119183078,8.114248620577734e-05,0.7841998845314835,0.008754248562048353,0.8131655782842382,0.024682067459596085
A7s,0.009296117200453959,0.2346771753865941,0.7651605396409945,8.114248620577734e-05,8.114248620577734e-05,0.28992752462923405,0.7099101903983542,8.114248620577734e-05,8.114248620577734e-05,0.999113787847218,0.0006805353007045481,0.0001245343658715884,8.114248620577734e-05,0.7389856859669274,0.17807386446612122,0.08285930708074574,8.114248620577734e-05,0.7644800043402898,0.5318363259322332,0.05525034924264011,0.26012810188029073
A6s,0.009255431872587724,0.6605259970598003,0.33921679100567576,0.00017606944831808662,8.114248620577734e-05,0.31555635398074355,0.6838857080395127,0.0004767954935380889,8.114248620577734e-05,0.9991789821170574,0.0005326293273037214,0.0002072460694330727,8.114248620577734e-05,0.4139045107843574,0.5850892547412953,0.0009250919881414923,8.114248620577734e-05,0.338684161678372,0.09879645329821733,0.3449696430790568,0.5852744713326999
A5s,0.009236259296157876,0.3193098912307528,0.6805278237968354,8.114248620577734e-05,8.114248620577734e-05,0.060240988909327026,0.48557445595391086,0.45410341265055604,8.114248620577734e-05,0.7497968276842203,0.2500408873433684,8.114248620577734e-05,8.114248620577734e-05,0.9967441733127191,0.003093541714869367,8.114248620577734e-05,8.114248620577734e-05,0.43048693645346725,0.936503184403392,0.45402227016435026,0.24694734562849893
A4s,0.009145610283355409,0.9592548102184516,0.04058290480913684,8.114248620577734e-05,8.114248620577734e-05,0.9603876734752713,0.0394500415523171,8.114248620577734e-05,8.114248620577734e-05,0.505367811546639,0.4345439177672283,0.06000712819992711,8.114248620577734e-05,0.9990756926180138,0.0006232013527576399,0.00021996354302292618,8.114248620577734e-05,0.4538869986718127,0.03882684019955952,0.0011328632568197265,0.49370788107137475
A3s,0.009055534566697113,0.0027181108723091534,0.996908128480574,0.00029261816091107176,8.114248620577734e-05,0.5373919331147998,0.39746454667210707,0.06506237772688749,8.114248620577734e-05,0.6695417458512087,0.1291470384182905,0.20123007324429512,8.114248620577734e-05,0.48775641424628874,0.10722042761154142,0.4049420156559641,8.114248620577734e-05,0.8677610900622835,0.33987963792907666,0.599443581808467,0.203711942411669
A2s,0.008750471453727546,0.9134586948320685,0.05096051663114126,0.035499646050584456,8.114248620577734e-05,0.20182151834830322,0.7978614224391407,0.00023591672635035302,8.114248620577734e-05,0.0038259057032161317,0.634222305594615,0.36187064621596327,8.114248620577734e-05,0.7724591874027094,0.22523239583382268,0.0022272742772620614,8.114248620577734e-05,0.9096327891288525,0.5726290266053179,0.7469009058079995,0.7686332816994934
AKo,0.00317094900525911,0.5993253543659076,0.4005123606616808,8.114248620577734e-05,8.114248620577734e-05,0.4248944122819419,0.5737468219078501,0.0012776233240022875,8.114248620577734e-05,0.8146522110171994,0.17558406110299796,0.009682585393597074,8.114248620577734e-05,0.3422668479970229,0.3795131458018803,0.2781388637148911,8.114248620577734e-05,0.22492829955868296,0.27686124039088883,0.17443094208396576,0.4723853630201764
KK,0.00474131789843658,0.16121893518286093,0.6870921633117468,0.1514079746284909,0.0002809268769011335,0.21900081332874996,0.7796215137172895,8.114248620577734e-05,0.0012965304677547797,0.0697667881761997,0.9296513150352559,8.114248620577734e-05,0.0005007543023386988,0.1985664826835947,0.7152680875626699,0.08566467545139668,0.0005007543023386988,0.24277897914894647,0.0855835329651909,0.1513268321422852,0.21438322747258592
KQs,0.009457166113881007,0.6889725667929131,0.31086514823467526,8.114248620577734e-05,8.114248620577734e-05,0.9888212035644474,0.011016511463141138,8.114248620577734e-05,8.114248620577734e-05,0.9563893751264891,0.02433097336294915,0.019198509024355978,8.114248620577734e-05,0.6609302446951362,0.33890066668383606,8.794613482209223e-05,8.114248620577734e-05,0.2865341748717262,0.3278909588693112,0.29984863677153417,0.31456969332088686
KJs,0.009379629648889725,0.1844278476745799,0.8154098673530082,8.114248620577734e-05,8.114248620577734e-05,0.0004373565774702068,0.9994003584501182,8.114248620577734e-05,8.114248620577734e-05,0.14221029207678265,0.8576274229508056,8.114248620577734e-05,8.114248620577734e-05,0.4664525592206203,0.5333851558069682,8.114248620577734e-05,8.114248620577734e-05,0.042217555597797315,0.46601520264315005,0.18399049109710983,0.3242422671438375
KTs,0.00937987656758616,0.8562024067638673,0.14361849419575737,9.795655416959287e-05,8.114248620577734e-05,0.6867246388217819,0.3098525295077687,0.0033416891842435173,8.114248620577734e-05,0.9255339812924361,0.07430373373515224,8.114248620577734e-05,8.114248620577734e-05,0.5687234890069924,0.4311142260205958,8.114248620577734e-05,8.114248620577734e-05,0.0693315745285689,0.12126169651282716,0.1694777679420853,0.3568104922854436
K9s,0.009346561760138525,0.5634528520299312,0.2383914092700354,0.19807459621382753,8.114248620577734e-05,0.993066615935007,0.006771099092581447,8.114248620577734e-05,8.114248620577734e-05,0.01931547896358094,0.9804161597665775,0.00018721878363576954,8.114248620577734e-05,0.9990616171672807,0.000776097860307792,8.114248620577734e-05,8.114248620577734e-05,0.742024750496542,0.0059950012322736775,0.4296137639050758,0.9797461382036997
K8s,0.009312227661772707,0.9544381485420713,0.0453995664855171,8.114248620577734e-05,8.114248620577734e-05,0.5664755964286876,0.30752567918207036,0.12591758190303623,8.114248620577734e-05,0.9492977838315665,0.00532982794583368,0.04529124573639407,8.114248620577734e-05,0.3856841865533204,0.20721208093610494,0.4070225900243691,8.114248620577734e-05,0.045210103250188274,0.28110500812133277,0.3879625521133837,0.5636135972782462
K7s,0.009246641620033112,0.9853016242214486,0.014518664023290339,9.856926905521617e-05,8.114248620577734e-05,0.9838538539443071,0.015966434300431903,9.856926905521617e-05,8.114248620577734e-05,0.3448935655785967,0.6549441494489917,8.114248620577734e-05,8.114248620577734e-05,0.676514976650195,0.32268751802902185,0.0007163628345773584,8.114248620577734e-05,0.6404254854257013,0.30733887729411213,0.0014477702771415277,0.3322566314199699
K6s,0.009205956292166879,0.15995114591207812,0.8398496065680013,0.00011810503371444533,8.114248620577734e-05,0.7752042072529421,0.22460387269276894,0.00011077756808309809,8.114248620577734e-05,0.15249910915967324,0.8230648418235799,0.02435490653054125,8.114248620577734e-05,0.97112593795067,0.026324412398820864,0.00246850716430328,8.114248620577734e-05,0.024236801496826582,0.19827946029394805,0.6152530613408639,0.8186268287909969
K5s,0.00918678371573703,0.9995162521879006,0.0003214628396878234,8.114248620577734e-05,8.114248620577734e-05,0.8567381222670996,0.14309959276048884,8.114248620577734e-05,8.114248620577734e-05,0.06622121564861282,0.9335940451469379,0.00010359671824340333,8.114248620577734e-05,0.6625683468171928,0.04324499377919585,0.2941055169174055,8.114248620577734e-05,0.9332950365392878,0.2940243744311998,0.14277812992080105,0.890349051367742
K4s,0.009096134702934562,0.9988621810096258,0.0009755340179627092,8.114248620577734e-05,8.114248620577734e-05,0.43801586561312716,0.5618218494144613,8.114248620577734e-05,8.114248620577734e-05,0.9995460613961387,0.0002916536314498036,8.114248620577734e-05,8.114248620577734e-05,0.9995460613961387,0.0002916536314498036,8.114248620577734e-05,8.114248620577734e-05,0.0006838803865129042,0.5615301957830114,0.5608463153964987,0.0
K3s,0.009006058986276266,0.17495098670845757,0.8248867283191309,8.114248620577734e-05,8.114248620577734e-05,0.09237876504748566,0.9074589499801028,8.114248620577734e-05,8.114248620577734e-05,0.31619239867282367,0.5345911010227159,0.1491353578182547,8.114248620577734e-05,0.15353513230525306,0.8463025827223354,8.114248620577734e-05,8.114248620577734e-05,0.290295627296415,0.06115636725776741,0.0825722216609719,0.3117114816996195
K2s,0.00871117416475761,0.007894438458503605,0.9390518405631562,0.052972578492134624,8.114248620577734e-05,0.28243528487312597,0.19879761700921117,0.518685955631457,8.114248620577734e-05,0.5004983274678148,0.36598970000334524,0.13343083004263437,8.114248620577734e-05,0.39857352111013655,0.5866805900060249,0.014664746397632739,8.114248620577734e-05,0.5730621405598109,0.5040212092338243,0.7402542235539449,0.22069089000267975
AQo,0.0031688804832390063,0.600536409603251,0.39347301176804683,0.005909436142496121,8.114248620577734e-05,0.9973117477129522,0.002525967314636245,8.114248620577734e-05,8.114248620577734e-05,0.9685619212431031,0.018469271375877967,0.012887664894813071,8.114248620577734e-05,0.14668147334613707,0.8523241053484754,0.0009132788191818042,8.114248620577734e-05,0.37500374039216894,0.850630274366815,0.396775338109701,0.8338548339725974
KQo,0.0031523886235230235,0.5383141230322542,0.46152359199533416,8.114248620577734e-05,8.114248620577734e-05,0.07199484988268753,0.9246693015734966,0.003254706057610161,8.114248620577734e-05,0.17514793111287724,0.8218482178405958,0.002922708560321393,8.114248620577734e-05,0.694539707158937,0.15239865991670742,0.1529804904381499,8.114248620577734e-05,0.3631661919193771,0.7722706416567892,0.4663192731495667,0.6694495579238884
QQ,0.004735112089351418,0.9561750548336975,0.04020116569568543,0.0012851372090562291,0.002338642261560953,0.3089179570316886,0.6863534540294177,0.0034579919249508465,0.0012705970139427682,0.000495944005408968,0.998880734905154,8.114248620577734e-05,0.0005421786032312436,0.06657851904752521,0.9328409276348856,8.114248620577734e-05,0.000499410831383499,0.9586795692094686,0.2464874736054678,0.648325143049627,0.06608257504211623
QJs,0.00937342408266976,0.013527654827534305,0.9863100602000541,8.114248620577734e-05,8.114248620577734e-05,0.51102701131504,0.48881070371254853,8.114248620577734e-05,8.114248620577734e-05,0.683209327767008,0.31662838726058046,8.114248620577734e-05,8.114248620577734e-05,0.8236177974973231,0.17621991753026528,8.114248620577734e-05,8.114248620577734e-05,0.6696816729394737,0.3125907861822832,0.49749935648750565,0.14040846973031512
QTs,0.009373671001366192,0.11278352385713314,0.8870541911704553,8.114248620577734e-05,8.114248620577734e-05,0.8130572251397419,0.18678048988784676,8.114248620577734e-05,8.114248620577734e-05,0.8518897713589163,0.14794794366867214,8.114248620577734e-05,8.114248620577734e-05,0.006515106636781376,0.9926193181896146,0.0007844326873983285,8.114248620577734e-05,0.7391062475017831,0.8065421185029604,0.7002737012826086,0.845374664722135
Q9s,0.00934035619391856,0.9946587136361255,0.005136670482541532,0.00012347339512714818,8.114248620577734e-05,0.9503656463537105,0.04940584410540327,0.0001473670546804547,8.114248620577734e-05,0.4285079164440243,0.34324314098585007,0.22816780008391996,8.114248620577734e-05,0.2952669123329749,0.7045708026946136,8.114248620577734e-05,8.114248620577734e-05,0.5661507971921013,0.6551649585892102,0.04429306728241502,0.3613276617087635
Q8s,0.009306022095552742,0.0013306208980692195,0.9984804236658509,0.00010781294987409517,8.114248620577734e-05,0.4519438099727999,0.4407047586262167,0.10727028891477758,8.114248620577734e-05,0.02136814554512594,0.9783483372013564,0.000202374767311954,8.114248620577734e-05,0.36238787327464006,0.5824119849019375,0.05511899933721666,8.114248620577734e-05,0.020132086464494534,0.14170722627572077,0.5577756650396342,0.3959363522994188
Q7s,0.009240436053813146,0.026451656372277824,0.9733860586553106,8.114248620577734e-05,8.114248620577734e-05,0.9988842234441344,0.0009534915834541128,8.114248620577734e-05,8.114248620577734e-05,0.8595189330546616,0.1402301932144547,0.000169731244677917,8.114248620577734e-05,0.9575302342156193,0.04177075467616794,0.0006178686220070169,8.114248620577734e-05,0.8331558654408558,0.041353989228515076,0.9724325670718565,0.09845943853828677
Q6s,0.009199750725946912,0.998764009812451,0.0010737052151374511,8.114248620577734e-05,8.114248620577734e-05,0.11099681322684146,0.8888409018007469,8.114248620577734e-05,8.114248620577734e-05,0.6302872400395253,0.36933964608242265,0.0002919713918461705,8.114248620577734e-05,0.5905238616560043,0.2872001989940635,0.12219479686372642,8.114248620577734e-05,0.36847676977292565,0.6016407028066835,0.8877671965856095,0.12190282547188017
Q5s,0.009180578149517064,0.18412425397286342,0.418565905638279,0.3972286979026517,8.114248620577734e-05,0.6850329563534,0.31471775865156476,0.00016814250882954423,8.114248620577734e-05,0.02465714392153942,0.975180571106049,8.114248620577734e-05,8.114248620577734e-05,0.7058923820268074,0.2939453330007812,8.114248620577734e-05,8.114248620577734e-05,0.5566146654677699,0.02085942567340736,0.5009087023805365,0.681235238105268
Q4s,0.009089929136714596,0.45678163936741467,0.5393154808316922,0.0038217373146872563,8.114248620577734e-05,0.04698007341000004,0.9528576416175883,8.114248620577734e-05,8.114248620577734e-05,0.15236447574029344,0.8474726948927513,8.168688074937738e-05,8.114248620577734e-05,0.8987222387171762,0.10111493191586866,8.168688074937738e-05,8.114248620577734e-05,0.3081572140610591,0.8517427097017198,0.4135421607858961,0.7463577629768827
Q3s,0.0089998534200563,0.9736660959570833,0.026171619070505223,8.114248620577734e-05,8.114248620577734e-05,0.11547627256410246,0.8840233500656964,0.0004192348839952819,8.114248620577734e-05,0.9945653489742453,0.005272366053343057,8.114248620577734e-05,8.114248620577734e-05,0.9989961907236218,0.0008415243039667282,8.114248620577734e-05,8.114248620577734e-05,0.020899253017162084,0.8835199181595192,0.8581898233929808,0.004430841749376399
Q2s,0.008706783739295723,0.9719879533345575,0.027696418495677066,8.114248620577734e-05,0.00023448568355974244,0.9363870897431935,0.06329728208704112,8.114248620577734e-05,0.00023448568355974244,0.7114916463410603,0.01895026561855325,0.26940735275038163,0.00015073529000497586,0.2896102043871235,0.4880451557834024,0.22226349734326833,8.114248620577734e-05,0.2693262102641758,0.6469302285534239,0.035600863591363996,0.46909489016484923
AJo,0.0031430349955735267,0.9991641146272567,0.00029708265214853743,0.000457660234388918,8.114248620577734e-05,0.0999811964797476,0.8998565185478409,8.114248620577734e-05,8.114248620577734e-05,0.5377585001384115,0.4618398996177897,0.0003204577575928847,8.114248620577734e-05,0.965908802787702,0.0064924247263132995,0.027517629999779015,8.114248620577734e-05,0.4615428169656412,0.8933640938215277,0.8995594358956923,0.4553474748914765
KJo,0.0031265820393601806,0.0021833997876148223,0.9346171500928858,0.06311830763329365,8.114248620577734e-05,0.47485229229657594,0.45848626121127006,0.0665803040059483,8.114248620577734e-05,0.986037887748255,0.010850225757752201,0.00303074400778706,8.114248620577734e-05,0.7630506986710772,0.22991935672526487,0.006948802117451918,8.114248620577734e-05,0.9838544879606401,0.28819840637450145,0.47613088888161575,0.22298718907717763
QJo,0.0031308951109540934,0.9992058142452029,0.000631900782385579,8.114248620577734e-05,8.114248620577734e-05,0.4849845893959723,0.37253795813595436,0.14239630998186784,8.114248620577734e-05,0.6785341091964747,0.3190215901822698,0.0023631581350497216,8.114248620577734e-05,0.45454459801888986,0.5450764678582639,0.0002977916366403549,8.114248620577734e-05,0.32067170504872816,0.17253850972230972,0.5142212248492307,0.2260548776759942
JJ,0.004657575877138198,0.21170515803325968,0.7838196098124921,0.0029828285176747025,0.0014924036365735374,8.114248620577734e-05,0.9991028794804246,0.00013125296586468096,0.00068472506750485,0.11703713545946262,0.8639118579738648,0.016009436167751377,0.003041570398921143,0.6429191369235894,0.26560517310545856,0.08851846329182682,0.0029572266791255,0.09466802257379703,0.7334977063749663,0.2152832696679326,0.598391028588202
JTs,0.00929613453637491,0.5830876066256258,0.26287244112045677,0.15395880976771173,8.114248620577734e-05,0.008573998468020096,0.9912251404617541,0.00011971858402003159,8.114248620577734e-05,0.0008843529990111806,0.9989533620285773,8.114248620577734e-05,8.114248620577734e-05,0.019425193065670768,0.9804125219619177,8.114248620577734e-05,8.114248620577734e-05,0.7360809209081205,0.01085119459765066,0.7283526993412974,0.018540840066659577
J9s,0.009262819728927278,0.8762848250734325,0.12328233474513972,0.00035169769522197205,8.114248620577734e-05,0.3298826337566355,0.6698797986516832,0.00015642510547541214,8.114248620577734e-05,0.9915727631260027,0.008264951901585724,8.114248620577734e-05,8.114248620577734e-05,0.7826960747015235,0.21714164032606478,8.114248620577734e-05,8.114248620577734e-05,0.1152879380525702,0.452813440944888,0.5465974639065435,0.20887668842447915
J8s,0.00922848563056146,0.049796474093164095,0.950002655029692,0.00011972839093808871,8.114248620577734e-05,0.576847461505005,0.4228657481295997,0.00020564787918945392,8.114248620577734e-05,0.051913942210721056,0.9478495160660795,0.00015539923699356035,8.114248620577734e-05,0.8120943062783321,0.18766915199846843,0.00015539923699356035,8.114248620577734e-05,0.00215313896361245,0.23524684477332716,0.5271369069000923,0.760180364067611
J7s,0.009162899588821865,0.48206644258900466,0.5035386259064896,0.014313789018299874,8.114248620577734e-05,0.18944289096792116,0.8101996735561681,0.0002762929897048318,8.114248620577734e-05,0.46222567280183435,0.2561680506473908,0.28152513406456897,8.114248620577734e-05,0.8813358326680237,0.05608873141664296,0.062494293429127594,8.114248620577734e-05,0.2672113450462691,0.7541109421395252,0.30666104764967855,0.41911015986618927
J6s,0.00912221426095563,0.8767484903479721,0.12308922467961633,8.114248620577734e-05,8.114248620577734e-05,0.1494608509333582,0.8347854012853522,0.015672605295083887,8.114248620577734e-05,0.18740081954489013,0.8123764265725303,0.0001416113963739549,8.114248620577734e-05,0.13629009327768984,0.8634871528397304,0.0001416113963739549,8.114248620577734e-05,0.689347670803082,0.028701751554378277,0.7272876394146139,0.051110726267200216
J5s,0.009103041684525784,0.02062819745614925,0.9696918909950681,0.009598769062576822,8.114248620577734e-05,0.0019312795304774106,0.9978192534076488,0.00016832457566803974,8.114248620577734e-05,0.46830343073976194,0.5315181211005168,9.730567351549943e-05,8.114248620577734e-05,0.9209086213835097,0.07504491384460103,0.0039653222856836,8.114248620577734e-05,0.4476752332836127,0.9227743395630478,0.028127362412580622,0.4564732072559158
J4s,0.009012392671723315,0.3625914675354776,0.5911327782498118,0.046194611728504885,8.114248620577734e-05,0.395336038128473,0.4590201696538904,0.14556264973143065,8.114248620577734e-05,0.08463422586486484,0.915169425029372,0.00011520661955731957,8.114248620577734e-05,0.016056656749252024,0.9836553632605128,0.00020683750402929158,8.114248620577734e-05,0.3240366467795603,0.5246351936066225,0.13211260859592128,0.06857756911561279
J3s,0.008922321679882108,0.8184685102193525,0.1810870910962117,0.0003632561982298828,8.114248620577734e-05,0.5768413298981382,0.41495517588930636,0.008122351726349609,8.114248620577734e-05,0.6309283711032181,0.31870331599402807,0.05028717041654795,8.114248620577734e-05,0.9844270284703583,0.015304655376391054,0.00018717366704484363,8.114248620577734e-05,0.1875401391161344,0.4075856985722201,0.24162718032121433,0.35349865736714015
J2s,0.008629658602692861,0.016262937366423667,0.982476769194741,0.0009886534308541427,0.00027164000798124205,0.0008366691097384199,0.9988105483960746,8.114248620577734e-05,0.00027164000798124205,0.9566809520799276,0.03377410981722826,0.008550013158558278,0.0009949249442857344,0.6929220111728132,0.30626113645459285,0.00047196218819440334,0.0003448901843997068,0.9487026593775127,0.6925494119414818,0.016333779201333613,0.27248702663736446
ATo,0.003143117301803553,0.9994638686699003,0.00030346522223526567,0.0001515236216585225,8.114248620577734e-05,0.9476904747880376,0.05214724023955092,8.114248620577734e-05,8.114248620577734e-05,0.9925438993939621,0.0005751900338041464,0.006799768086027899,8.114248620577734e-05,0.6573522372456315,0.3185616370592157,0.024004983208946944,8.114248620577734e-05,0.006919969275938222,0.29033823754240595,0.051843775017315574,0.3351916621483306
KTo,0.00312662544208757,0.6100097953257038,0.002499567879641626,0.3874094943084489,8.114248620577734e-05,0.3690103024085057,0.6272828219646523,0.0036257331406362374,8.114248620577734e-05,0.1978952455445873,0.716193131911273,0.08583048005793378,8.114248620577734e-05,0.7016258592578498,0.2982118557697386,8.114248620577734e-05,8.114248620577734e-05,0.7136935640316315,0.3326155568493442,0.6247832540850107,0.5037306137132624
QTo,0.003124612815858345,0.3958275545327277,0.3677026937851298,0.23638860919593682,8.114248620577734e-05,0.9640614234196067,0.03577629160798176,8.114248620577734e-05,8.114248620577734e-05,0.05011412457673129,0.9497235904508572,8.114248620577734e-05,8.114248620577734e-05,0.2647128022800967,0.3391875776675936,0.3960184775661038,8.114248620577734e-05,0.5820208966657274,0.6993486211395099,0.568233868886879,0.6105360127832635
JTo,0.003105130327599686,0.8346498156821546,0.16518789934543415,8.114248620577734e-05,8.114248620577734e-05,0.0036620707570804672,0.9873621665470611,0.00889462020965263,8.114248620577734e-05,0.9926944879489734,0.0003484609610385282,0.006875908603782238,8.114248620577734e-05,0.8643046919594374,0.13120788433813546,0.004406281216221375,8.114248620577734e-05,0.16483943838439546,0.8606426212023569,0.8309877449250739,0.1308594233770969
TT,0.004657822776008899,0.48517073599071886,0.12398475278643753,0.36845422596340194,0.02239028525944187,0.23260267000825582,0.7073077814487783,0.043316865100118764,0.016772683442847006,0.2900320895371998,0.6929251215214297,8.114248620577734e-05,0.016961646455164917,8.114248620577734e-05,0.6998902831992777,0.2942062733718225,0.005822300942694209,0.5689403687349922,0.25088940827170353,0.5833230286623409,0.3010902925634647
T9s,0.009263066647623712,0.5725915349404473,0.42435743434914924,0.0029698882241975233,8.114248620577734e-05,0.9337124998046779,0.06611585527872615,9.050243039013204e-05,8.114248620577734e-05,0.41816959168067663,0.01840165637015232,0.5633476094629652,8.114248620577734e-05,0.8501471177651784,0.14852893435311051,0.0012428053955054704,8.114248620577734e-05,0.5603777212387677,0.08356538203949959,0.3611209648642305,0.5621048040674599
T8s,0.009228732549257894,0.37752829824678324,0.6149983220238128,0.007392237243198203,8.114248620577734e-05,0.8543549848592711,0.14398347252446517,0.0015804001300580184,8.114248620577734e-05,0.004009236788999662,0.0012138684075344366,0.9946957523172602,8.114248620577734e-05,0.01002368854221699,0.5963836836308609,0.39351148534071634,8.114248620577734e-05,0.9873035150740619,0.8443312963170541,0.4768266866124878,0.6011842669765438
T7s,0.009163146507518297,0.5049889515303111,0.4948487634972775,8.114248620577734e-05,8.114248620577734e-05,0.9994578403799451,0.0003798746476432807,8.114248620577734e-05,8.114248620577734e-05,0.18866987030513066,0.8111678447224576,8.114248620577734e-05,8.114248620577734e-05,0.22318834282352393,0.7766493722040646,8.114248620577734e-05,8.114248620577734e-05,0.31631908122518027,0.7762694975564213,0.49446888884963414,0.03451847251839314
T6s,0.009122461179652064,0.5668955490164601,0.38195508302476366,0.05106822547257051,8.114248620577734e-05,0.37695745159240335,0.6217795209572299,0.001181884964161094,8.114248620577734e-05,0.2402006350914965,0.4088672067538025,0.35085101566849547,8.114248620577734e-05,0.9185179621391534,0.07907937826550236,0.002321517109138386,8.114248620577734e-05,0.32669491392496375,0.5427001426917274,0.2398244379324662,0.678317327047657
T5s,0.009103288603222215,0.6701208818694852,0.11036316650699098,0.21943480913731825,8.114248620577734e-05,0.9222411081721084,0.0002999134577037353,0.07737783588398214,8.114248620577734e-05,0.9693417231256066,0.030461875830713483,0.00011525855747422476,8.114248620577734e-05,0.1196414822135442,0.8721162826806428,0.008161092619607391,8.114248620577734e-05,0.2992208412561215,0.8718163692229389,0.25212022630262326,0.8497002409120624
T4s,0.009012639590419749,0.3396184533257564,0.37262227631105,0.2876781278769879,8.114248620577734e-05,0.975048447821833,0.024789267205755444,8.114248620577734e-05,8.114248620577734e-05,0.0002877237658087077,0.9994308544851739,0.00020027926281173286,8.114248620577734e-05,0.0002877237658087077,0.9994308544851739,0.00020027926281173286,8.114248620577734e-05,0.6268085781741239,0.9747607240560244,0.6354299944960766,0.0
T3s,0.008922569928609137,0.036718831707126504,0.9626657837972187,0.0005342420094490864,8.114248620577734e-05,0.30830630409601945,0.6883077527032249,0.003304800714549813,8.114248620577734e-05,0.9293308522186344,0.06653376749628424,0.0040542377988755,8.114248620577734e-05,0.01451629147822366,0.9832944052505588,0.00210816078501191,8.114248620577734e-05,0.8961320163009344,0.2949866525473338,0.2743580310939937,0.9167606377542744
T2s,0.008629688899514034,0.09853731951129677,0.8863603449746016,0.015021193027895816,8.114248620577734e-05,0.025831924290787803,0.9740057907368007,8.114248620577734e-05,8.114248620577734e-05,0.29813081660915985,0.38284718515910465,0.31878328503393566,0.00023871319779971618,0.031395443133840815,0.9679662147249565,0.0002565586932751772,0.0003817834479274719,0.5035131598154969,0.006039576011844173,0.08764544576219906,0.5852620998159795
A9o,0.0031320123662733814,0.5736815653789886,0.41742263277047337,0.008814659364331992,8.114248620577734e-05,0.1580319329843625,0.7807699694491405,0.06111695508029134,8.114248620577734e-05,0.17338052834149006,0.8234359003355618,0.003102428836742397,8.114248620577734e-05,0.9991052224740862,0.000732492553502247,8.114248620577734e-05,8.114248620577734e-05,0.40601326756508826,0.8410732894897237,0.41564963239462627,0.8257246941325961
K9o,0.003115520506557398,0.2164796946193583,0.3334544361064189,0.4499847267880171,8.114248620577734e-05,0.00425365705719728,0.9944584006221695,0.0012067998344273971,8.114248620577734e-05,0.08368975542958654,0.8606845664758637,0.05554453560834386,8.114248620577734e-05,0.9883187821708691,0.011518932856719353,8.114248620577734e-05,8.114248620577734e-05,0.5272301303694449,0.9840651251136718,0.6610039645157506,0.9046290267412824
Q9o,0.0031134519845372947,0.43869959282345505,0.2844844133188022,0.27673485137153686,8.114248620577734e-05,0.13209024220841212,0.06640701806366962,0.8014215972417126,8.114248620577734e-05,0.9988009575053578,0.0010367575222306137,8.114248620577734e-05,8.114248620577734e-05,0.5705097250214008,0.06831134063248567,0.36109779185990776,8.114248620577734e-05,0.5601013646819027,0.4403238053818048,0.5246867458701756,0.42829123248395695
J9o,0.0030925460922791082,0.7656574307755825,0.21729012899282457,0.016971297745387238,8.114248620577734e-05,0.6903692685833429,0.30927434922972014,0.000275239700731047,8.114248620577734e-05,0.19796647348127075,0.14989816535907075,0.6520542186734529,8.114248620577734e-05,0.6436741985752326,0.13190751582947247,0.22433714310908912,8.114248620577734e-05,0.6350829209280656,0.22406190340835805,0.09198422023689565,0.44570772509396195
T9o,0.003094107729029421,0.1913797935879163,0.8065837300807034,0.001955333845174565,8.114248620577734e-05,0.024769449016497656,0.9738610518818784,0.001288356615418123,8.114248620577734e-05,0.8814067631222567,0.09523251485334006,0.02327957953819728,8.114248620577734e-05,0.03130937516634211,0.967723546971833,0.0008859353756190017,8.114248620577734e-05,0.7113512152273632,0.00653992614984448,0.16727732180117508,0.872491032118493
99,0.004624507869432617,0.46673286308784007,0.013930497097860319,0.49491543547457534,0.024421204339724466,8.114248620577734e-05,0.26545492149870714,0.7307356943564014,0.003728241658685452,0.00036500350652005504,0.4044178411740047,0.5934810259278055,0.001736129391669627,0.1340169225033477,0.6965674153444459,0.16194201879685308,0.007473643355353245,0.48905293452937465,0.5687936755595484,0.4873446832826731,0.43153900713095245
98s,0.009195417741810262,0.9849428993383205,0.01473175730239992,0.00024420087307384475,8.114248620577734e-05,0.7238882943042898,0.2752159633891729,0.0008145998203314894,8.114248620577734e-05,0.009308136814722668,0.9714463965095056,0.019164324189565967,8.114248620577734e-05,0.03155457710791852,0.45456429033097406,0.5137999900749016,8.114248620577734e-05,0.9756347625235978,0.6923337171963713,0.26105460503403066,0.5168821061785316
97s,0.009129831700070664,0.36443622665022396,0.635240442733419,0.00024218813015124583,8.114248620577734e-05,0.4324427512787525,0.2585766580766275,0.3088994481584144,8.114248620577734e-05,0.9995477194819234,0.0002899955456650394,8.114248620577734e-05,8.114248620577734e-05,0.9957678414585309,0.0040698735690574955,8.114248620577734e-05,8.114248620577734e-05,0.6351114928316994,0.5633250901797785,0.37666378465679157,0.00377987802339249
96s,0.009089146372204432,0.011233046156261767,0.9885853423391038,0.00010046901842862466,8.114248620577734e-05,0.008759040328932096,0.9910593481664334,0.00010046901842862466,8.114248620577734e-05,0.7596960310922652,0.23302629387949983,0.0071965325420290235,8.114248620577734e-05,0.1866087873549787,0.5023942396234039,0.31091583053541166,8.114248620577734e-05,0.755559048459604,0.4886651085430296,0.0024740058273296332,0.5730872437372866
95s,0.009069973795774582,0.3324390080740141,0.5228535939805147,0.14462625545926544,8.114248620577734e-05,0.2998320538834741,0.5129053553172773,0.18718144831304284,8.114248620577734e-05,0.32572333502604134,0.6741143800015472,8.114248620577734e-05,8.114248620577734e-05,0.06763789370331488,0.29602175984961543,0.6362592039608641,8.114248620577734e-05,0.1512607860210325,0.4490777556478212,0.042555192853777374,0.6361780614746583
94s,0.008979324782972116,0.7310571170902159,0.2687805979373727,8.114248620577734e-05,8.114248620577734e-05,0.3792368643777523,0.6206008506498363,8.114248620577734e-05,8.114248620577734e-05,0.9954284770976208,0.0044092379299675855,8.114248620577734e-05,8.114248620577734e-05,0.05883370404704494,0.8791248110473211,0.061960342419428154,8.114248620577734e-05,0.264371360007405,0.32040316033070726,0.35182025271246364,0.9365947730505759
93s,0.008889249585588644,0.7825433959868409,0.000416480402734977,0.21695898112421835,8.114248620577734e-05,0.18999293589129787,0.8095207193746745,0.00040520224782172165,8.114248620577734e-05,0.999526629379043,0.0003110856485454163,8.114248620577734e-05,8.114248620577734e-05,0.9977958262307474,0.0017075168611133506,0.00041551442193358965,8.114248620577734e-05,0.21698323339220216,0.8078132025135614,0.8091042389719396,0.0017308031482957016
92s,0.008596451115028006,0.4998895570073722,0.47113683570624393,0.02723275155892265,0.0017408557274612413,0.3890462040987693,0.5249936312097223,0.08481333776057084,0.0011468269309374726,0.19502367618703176,0.7867351150525742,0.017501731758364312,0.0007394770020296099,0.49984936337901453,0.4990193125937351,0.0003135468206385418,0.0008177772066120234,0.31559827934633033,0.11080315928024512,0.11143738170512663,0.30490398739656505
A8o,0.003120567667112555,0.002964443767823283,0.47669520106622776,0.5202592126797432,8.114248620577734e-05,0.06729635700760732,0.7784060265492796,0.15421647395690727,8.114248620577734e-05,0.3370348931745497,0.00044585889074767634,0.6624381054484968,8.114248620577734e-05,0.3205336943289653,0.6793040206986234,8.114248620577734e-05,8.114248620577734e-05,0.47624934217548004,0.25323733732135784,0.3660427387228359,0.6788581618078755
K8o,0.0031040758073965723,0.6884521985071188,0.3113457733231582,0.00012088568351734192,8.114248620577734e-05,0.99867734082687,0.0011603742007184374,8.114248620577734e-05,8.114248620577734e-05,0.9915052003620216,0.0006460993747077665,0.0077675577770649215,8.114248620577734e-05,0.988141174145534,0.006936472332622988,0.004841211035637201,8.114248620577734e-05,0.31069967394845044,0.01053616668133596,0.3102251423197513,0.0062903729579152565
Q8o,0.0031020072853764685,0.9603111136740423,0.039494047291818296,0.00011369654793358107,8.114248620577734e-05,0.4373776419010538,0.06481772912446186,0.4977234864882788,8.114248620577734e-05,0.1049627735029521,0.48010217177867903,0.41485391223216317,8.114248620577734e-05,0.9995427189817456,0.00029499604584275543,8.114248620577734e-05,8.114248620577734e-05,0.8553483401710902,0.562165077080692,0.5229334717729887,0.8945799454787935
J8o,0.0030766711611621336,0.0935145998989359,0.7572786452499032,0.14912561236495508,8.114248620577734e-05,0.47004474489916664,0.528558477480058,0.0013156351345696732,8.114248620577734e-05,0.7606204868279746,0.04923161877046594,0.19006675191535374,8.114248620577734e-05,0.6105259560590457,0.2477521665411097,0.1416407349136389,8.114248620577734e-05,0.7080470264794373,0.2808063109389483,0.37653014500023063,0.19852054777064373
T8o,0.0030826649524687264,0.5214508093778952,0.08326487928378405,0.3952031688521148,8.114248620577734e-05,0.9995731800318084,0.00026453499578004026,8.114248620577734e-05,8.114248620577734e-05,0.025658137058628423,0.23368469107375897,0.7405760293814069,8.114248620577734e-05,0.07924277989968548,0.8682479585549348,0.0524281190591738,8.114248620577734e-05,0.49579267231926694,0.9203304001321228,0.47812237065391305,0.688147910322233
98o,0.003071559958948295,0.8288170696222362,0.1646905841881125,0.00566304400460167,0.0008293021850495142,0.25749450925952483,0.7402348800478671,0.0021894682064023388,8.114248620577734e-05,0.0029434207301879353,0.9967090157134246,0.00026642107018167674,8.114248620577734e-05,0.7718933513040265,0.12210803449721164,0.10591747171255628,8.114248620577734e-05,0.832018431525312,0.6181268455506554,0.5755442958597545,0.8746009812162131
88,0.004590173593626515,8.114248620577734e-05,0.003966244380075895,0.9924672367761423,0.0034853763575759295,8.114248620577734e-05,0.00029397263168117686,0.9973974775083313,0.0022274073737817953,8.114248620577734e-05,0.0003031794104722314,0.9980832657631975,0.001532412340124484,0.806209824361138,0.0017843611243530486,0.02866473375082973,0.16334108076367918,0.005616028987055132,0.9687327437575015,0.004930240732188902,0.9694185320123677
87s,0.009095536099493505,0.021431490237281973,0.9690574728111757,0.009429894465336491,8.114248620577734e-05,0.005932085633426684,0.5390859539389254,0.45490081794144216,8.114248620577734e-05,0.9994415855952881,0.0003925840673020091,8.468785120412563e-05,8.114248620577734e-05,0.5602882247992669,0.336247335135087,0.10338329757944048,8.114248620577734e-05,0.9780100953580061,0.5543561391658401,0.4454709234761056,0.43915336079602124
86s,0.009054823459607524,0.13236192584230935,0.8674567291608175,0.00010020251066728933,8.114248620577734e-05,0.6624433518073967,0.3373753031957303,0.00010020251066728933,8.114248620577734e-05,0.002907647301720821,0.9969300677258676,8.114248620577734e-05,8.114248620577734e-05,0.03431820748833498,0.9533949033509865,0.012205746674472748,8.114248620577734e-05,0.12947333856505006,0.6281251443190616,0.5300814259650872,0.04353516437488108
85s,0.009035639697408766,0.008774750838576088,0.5892812490980848,0.4018628575771333,8.114248620577734e-05,0.0023953292729723347,0.8314029272071418,0.16612060103367995,8.114248620577734e-05,0.06177183984581093,0.87988458973384,0.05826242793414322,8.114248620577734e-05,0.9896073450247116,0.009584729080584636,0.0007267834084980048,8.114248620577734e-05,0.3436004296429901,0.9872120157517391,0.24212167810905708,0.9278355051789006
84s,0.008944991632856244,0.4838709035152986,0.4215882700202884,0.09445968397820721,8.114248620577734e-05,0.08141419309897645,0.8927216394790662,0.025783024935751492,8.114248620577734e-05,0.9992828951611772,0.00028765444218087284,0.000348307910436094,8.114248620577734e-05,0.705697877983555,0.2940505116345794,0.0001704678956598662,8.114248620577734e-05,0.5154119916458787,0.6242836848845785,0.4711333694587778,0.2937628571923985
83s,0.008870288926542031,0.1553632745482934,0.84442432241746,0.00013126054804091803,8.114248620577734e-05,0.4996503185200064,0.49796783306337283,0.002300705930414979,8.114248620577734e-05,0.03208141395225904,0.6131250547249327,0.35471238883660283,8.114248620577734e-05,0.05068173033211316,0.9491559846954754,8.114248620577734e-05,8.114248620577734e-05,0.3545811282885618,0.45118815163210246,0.3464564893540871,0.3546312463503969
82s,0.008562270572889864,0.0018404762032380093,0.03331965588194036,0.9645779551102109,0.00026191280461069935,8.114248620577734e-05,8.114248620577734e-05,0.9995758022229777,0.00026191280461069935,0.2769783697575354,0.7195083637521412,0.0015169805322461955,0.001996285958077048,0.18694493152923936,0.6389354190162025,0.1722350599362439,0.001884589518314147,0.9630609745779646,0.8273407422867338,0.034997847112766794,0.17071807940399766
A7o,0.0030987056537618175,0.7342454867412779,0.2655922282863107,8.114248620577734e-05,8.114248620577734e-05,0.9962957098475581,0.0035420051800303495,8.114248620577734e-05,8.114248620577734e-05,0.2205815346013509,0.7031406122257077,0.07619671068673547,8.114248620577734e-05,0.99876820216483,0.0010296809808939542,0.00012097436807028302,8.114248620577734e-05,0.5136639521399269,0.0025123241991363847,0.2620502231062803,0.7781866675634791
K7o,0.003082213794045835,0.9811757600861557,0.018241258880586798,0.0005018385470517312,8.114248620577734e-05,0.3916131886314661,0.04812985040956866,0.5601758184727595,8.114248620577734e-05,0.27227001758055286,0.7272727873055944,0.00037605262764696216,8.114248620577734e-05,0.8245402468639567,0.174924116854872,0.00045449379496578996,8.114248620577734e-05,0.7090315284250077,0.5597213246777939,0.5895625714546896,0.5523486704507226
Q7o,0.003080145272025731,0.5751865180122033,0.41236031044578286,0.012372029055808047,8.114248620577734e-05,0.9934099202144535,0.006427794813134933,8.114248620577734e-05,8.114248620577734e-05,0.99798251098838,0.0018552040392083744,8.114248620577734e-05,8.114248620577734e-05,0.9993860523906778,0.00045166263691065765,8.114248620577734e-05,8.114248620577734e-05,0.42279599297617676,0.0059761321762242785,0.4182234022022502,0.0014035414022977655
J7o,0.0030551849830528464,0.03085625512275769,0.7461267770916027,0.22293582529943384,8.114248620577734e-05,0.1749020867404823,0.8245290600747973,0.00048771069851440585,8.114248620577734e-05,0.1690935110708228,0.6115359628965826,0.21928938354638874,8.114248620577734e-05,0.3370659511087544,0.6241917327899933,0.03866117361504636,8.114248620577734e-05,0.13823725594806513,0.20033732728480405,0.22244811460091934,0.18062820993134232
T7o,0.003060802798850952,0.8965603367337167,0.00642184267548183,0.09693667810459596,8.114248620577734e-05,0.2549682654145082,0.0005597041837667921,0.7443112356561287,0.00016079474559601325,0.02907147112629943,0.9706956986932611,0.00015168769423365221,8.114248620577734e-05,0.4889389274613892,0.43466789348003865,0.07631203657236621,8.114248620577734e-05,0.9642738560177795,0.6680788513431527,0.6474542098109232,0.5360278052132224
97o,0.0030496971044909785,0.21713856443215393,0.7331131477972682,0.04966714528437215,8.114248620577734e-05,0.005726201471030339,0.9941115135565581,8.114248620577734e-05,8.114248620577734e-05,0.014313719536045757,0.9656815705112091,0.0199235674665393,8.114248620577734e-05,0.06731928603124657,0.605469887168586,0.3269680791047601,0.00024274769540746683,0.23256842271394093,0.3886416263879722,0.2609983657592899,0.3602116833426232
87o,0.003038252900973393,0.1795051317781923,0.21796363793847326,0.6024500877971287,8.114248620577734e-05,0.012970760861954995,0.9854378365951647,0.001510260056674526,8.114248620577734e-05,0.5233208357460204,0.4522737728905797,0.02432424887719423,8.114248620577734e-05,0.0006119382525231569,0.8976458853039248,0.10166103395734638,8.114248620577734e-05,0.5781258389199345,0.10015077390067183,0.7674741986566915,0.5227088974934972
77,0.004524587518183176,8.114248620577734e-05,0.7320553654103834,0.00278496899190722,0.2650785231115036,0.08325093608584028,0.11924229217456131,0.6025730867217693,0.194933685017829,8.114248620577734e-05,8.114248620577734e-05,0.9181881619717764,0.0816495530558119,8.114248620577734e-05,0.22952929575237177,0.7391237865380123,0.03126577522341035,0.9154031929798693,0.24683770339405325,0.6829579113294967,0.22944815326616586
76s,0.008989226232099018,0.044622136240150385,0.00028381811859943146,0.9550129031550444,8.114248620577734e-05,0.0019153792457851633,0.9320403443205407,0.06596313394746839,8.114248620577734e-05,0.747715602714165,0.2519902860943114,0.00021296870531761387,8.114248620577734e-05,0.9992729007427656,0.00043298806571101674,0.00021296870531761387,8.114248620577734e-05,0.9547999344497267,0.9973575214969805,0.9317565262019413,0.2515572980286005
75s,0.00897005864301116,0.014530357499891948,0.7434784016657866,0.24191009834811558,8.114248620577734e-05,0.414416274835604,0.5092369066027955,0.07626567607539468,8.114248620577734e-05,0.9256805961492154,0.06145206143313122,0.012786199931447554,8.114248620577734e-05,0.999328791670703,0.0005089233568854237,8.114248620577734e-05,8.114248620577734e-05,0.9111502386493235,0.584912516835099,0.399885917335712,0.07364819552148759
74s,0.008897074213832389,0.11416785814788173,0.8856698568797065,8.114248620577734e-05,8.114248620577734e-05,0.9880954398361161,0.008497430080174883,0.0033259875975032082,8.114248620577734e-05,0.010802887301450749,0.7545071814643559,0.23460878874798746,8.114248620577734e-05,0.046017480901722814,0.9523922631821309,0.0015091134299404152,8.114248620577734e-05,0.2345276462617816,0.943894833101956,0.8771724267995317,0.23309967531804704
73s,0.008808510962475227,0.10727313658754126,0.713187880774388,0.17945784015186483,8.114248620577734e-05,0.007461694907722215,0.9640729313963268,0.028384231209745456,8.114248620577734e-05,0.9545137495857315,0.04509698193562039,0.0003081259924421577,8.114248620577734e-05,0.023564938038670036,0.9760457934826822,0.0003081259924421577,8.114248620577734e-05,0.8472406129981903,0.028076105217303256,0.2508850506219386,0.9309488115470617
72s,0.00849669870654732,0.059055166546459294,0.9374208436387907,0.0005099742163853637,0.0030140155983645616,0.0008027582396339492,0.9971351166814745,0.0013231782892877235,0.0007389467896038378,0.8269450130436007,0.16210931871010348,0.006878904682778993,0.004066763563516833,0.07134995807238104,0.14332197085772888,0.7850398064138528,0.00028826465603720014,0.7753115249286873,0.8542638279573121,0.060527477115586086,0.7781609017310739
A6o,0.003085143878155321,0.4858881961403393,0.5132918843261386,0.0007387770473164003,8.114248620577734e-05,0.3652163422441775,0.595675637087756,0.039026878181860764,8.114248620577734e-05,0.979564653099221,0.012619941638986618,0.00773426277558654,8.114248620577734e-05,0.6569194368817263,0.3358753526245782,0.007124068007489679,8.114248620577734e-05,0.500671942687152,0.29170309463754884,0.12067185389616177,0.3232554109855916
K6o,0.003068652018439338,0.509243580354184,0.45022672707281586,0.040448550086794044,8.114248620577734e-05,0.5440803929530493,0.4371096788692016,0.018728785691543282,8.114248620577734e-05,0.5529101808652654,0.018756353574171315,0.4282523230743574,8.114248620577734e-05,0.6762618088502915,0.2148693960096796,0.10878765265382306,8.114248620577734e-05,0.43147037349864464,0.222240282859522,0.034836812598865154,0.3194646704205344
Q6o,0.003066583496419234,0.8082668282178157,0.1914758621039874,0.00017616719199122188,8.114248620577734e-05,0.6481856069444795,0.3515570833773235,0.00017616719199122188,8.114248620577734e-05,0.6161075425658169,0.14924413659389338,0.23456717835408405,8.114248620577734e-05,0.3643164366676757,0.2544253103968798,0.3811771104492387,8.114248620577734e-05,0.23439101116209282,0.3810009432572474,0.16008122127333618,0.25179110589814113
J6o,0.003040740248649781,0.004012174272014506,0.9955812167851107,0.0003254664566690789,8.114248620577734e-05,0.9955387580156598,0.0025542809590768842,0.001825818539057601,8.114248620577734e-05,0.04036406522404017,0.9587451584979677,0.000809633791786454,8.114248620577734e-05,0.6067300712411682,0.39304854075147605,0.0001402455211499201,8.114248620577734e-05,0.03683605828714301,0.39049425979239927,0.9930269358260339,0.5663660060171282
T6o,0.0030408203149837813,0.011110618219253207,0.9883206169027714,0.00048762239176956053,8.114248620577734e-05,0.04926636895027899,0.8995644196339594,0.05108806892955571,8.114248620577734e-05,0.036984558282384665,0.9614263117923822,0.001507987439027311,8.114248620577734e-05,0.45261477748883344,0.545647279445553,0.001656800579407721,8.114248620577734e-05,0.026894305110389177,0.4033484085385544,0.08875619726881197,0.4157790323468292
96o,0.0030361325646821274,0.001655891888445612,0.9981818231391429,8.114248620577734e-05,8.114248620577734e-05,0.1690051214872621,0.8274517125734515,0.003462023453080609,8.114248620577734e-05,0.4828518648948093,0.5166369560968939,0.0004300365220910082,8.114248620577734e-05,0.9300725294702437,0.06377378447292248,0.006072543570628194,8.114248620577734e-05,0.481544867042249,0.763677928100529,0.17073011056569137,0.45286317162397144
86o,0.003024691110993242,0.7227719094152549,0.2310510831721232,0.04609586492641625,8.114248620577734e-05,0.4853942771096973,0.34619867909982777,0.1683259013042691,8.114248620577734e-05,0.3612480483412627,0.45729529470114305,0.18137551447138864,8.114248620577734e-05,0.11091311420337238,0.4283254425025862,0.4606803008078358,8.114248620577734e-05,0.36152386107399226,0.37448116290632505,0.23737763230555753,0.2793047863364472
76o,0.003002829561068935,0.3061480677746242,0.2740530347215563,0.4197177550176136,8.114248620577734e-05,0.0071988680603212165,0.9924678200620414,0.00025216939143158685,8.114248620577734e-05,0.3097621616889584,0.6384918385649231,0.050203034946662686,0.0015429647994556533,0.9979037122113502,0.00044186778105054827,0.0005661156828655147,0.0010883043247337802,0.3695147200709509,0.9920259522809908,0.718414785340485,0.6881415505223917
66,0.004483901867157541,8.114248620577734e-05,8.114248620577734e-05,0.9110085735433758,0.08882914148421242,8.114248620577734e-05,0.0002359921010009945,0.9333233689729696,0.0663594964398238,8.114248620577734e-05,8.114248620577734e-05,0.17713864359546813,0.8226990714321204,0.008168236077759834,0.09618125504545794,0.32898454393009086,0.5666659649466914,0.7338699299479079,0.6043388250428787,0.022469645044388815,0.256033106485429
65s,0.008948627684417313,0.006077531143407197,0.25036072699072554,0.7434805993796616,8.114248620577734e-05,0.1549753673924234,0.844862347635165,8.114248620577734e-05,8.114248620577734e-05,0.7456567707617813,0.2537876186301899,0.0004744681218231288,8.114248620577734e-05,0.6637319483086332,0.2669575876488226,0.06922932155633858,8.114248620577734e-05,0.7430061312578384,0.5779047599863425,0.7433994568934557,0.0819248224531481
64s,0.008857952729646955,0.04230294369558315,0.9575347713320052,8.114248620577734e-05,8.114248620577734e-05,0.6963135900019795,0.3010473200785129,0.002557947433301774,8.114248620577734e-05,0.2595225429675171,0.5514920755277439,0.18890423901853323,8.114248620577734e-05,0.7002929672924824,0.1548249875485472,0.1448009026727647,8.114248620577734e-05,0.4060426958042613,0.14622233252996578,0.6564874512534923,0.44077042432496527
63s,0.008767899905759253,0.48679523146408,0.5130424835635085,8.114248620577734e-05,8.114248620577734e-05,0.9974303508677926,0.0022235720805133083,0.0002649345654883248,8.114248620577734e-05,0.40563207651238226,0.40688533196236676,0.1874014490390452,8.114248620577734e-05,0.09128976848014302,0.9031195597669759,0.005509529266675183,8.114248620577734e-05,0.18732030655283943,0.9061405823876495,0.5108189114829952,0.49623422780460924
62s,0.008456018424329408,0.36334412181251685,0.2701333798555408,0.35398388053724394,0.012538617794698396,0.22990067624332772,0.7588981210408267,0.00039228111767676825,0.010808921598168814,0.20020742987861406,0.5333147858468149,0.2641918077901797,0.0022859764843913928,0.1108235601206823,0.3400326046348842,0.5444979333869429,0.0046459018574903765,0.26318140599127404,0.5441056522692662,0.4887647411852859,0.2826660509698623
A5o,0.003078753019509794,0.04994085057378888,0.004048290481820075,0.9459297164581852,8.114248620577734e-05,0.9822936832954654,0.009871071729289175,0.0077541024890396245,8.114248620577734e-05,0.38188373463737796,0.04389551136258543,0.5741396115138309,8.114248620577734e-05,0.026749654306606155,0.9730880607209822,8.114248620577734e-05,8.114248620577734e-05,0.3717901049443544,0.9632169889916931,0.9381756139691457,0.9291925493583968
K5o,0.0030622611597938116,0.9677435377372696,0.03208454402936405,9.077574716055356e-05,8.114248620577734e-05,0.00038364473616429206,0.9994444370304694,9.077574716055356e-05,8.114248620577734e-05,0.05217436721168667,0.9476633478159018,8.114248620577734e-05,8.114248620577734e-05,0.3586688120408424,0.6411689029867459,8.114248620577734e-05,8.114248620577734e-05,0.9155788037865378,0.3582851673046782,0.9673598930011054,0.3064944448291558
Q5o,0.0030601926377737078,0.7895074909981523,0.2102052458953144,0.00020612062032741358,8.114248620577734e-05,0.5411835754029238,0.13890622626083196,0.3198290558500386,8.114248620577734e-05,0.3092092969800153,0.6900284328190056,0.0006811277147732562,8.114248620577734e-05,0.6562316042937489,0.3434322340493755,0.00025501917066984045,8.114248620577734e-05,0.480298194018137,0.31957403667936873,0.3196229352297111,0.34702230731373357
J5o,0.003040739542766197,0.5161458186682691,0.4123770112292404,0.07139602761628483,8.114248620577734e-05,0.14289604425925245,0.6304945486603242,0.2265282645942178,8.114248620577734e-05,0.9805036242724733,0.019334090755115163,8.114248620577734e-05,8.114248620577734e-05,0.05737798378302863,0.9424597312445598,8.114248620577734e-05,8.114248620577734e-05,0.46435780560420425,0.3119651825842357,0.3732497744090167,0.9231256404894447
T5o,0.0030344294563382545,0.004670124527289415,0.0004549011224787055,0.9947938318640261,8.114248620577734e-05,0.0013142783328794452,0.38019034744606206,0.6184142317348528,8.114248620577734e-05,0.9995578233630382,0.0002798916645502445,8.114248620577734e-05,8.114248620577734e-05,0.9995578233630382,0.0002798916645502445,8.114248620577734e-05,8.114248620577734e-05,0.9948876988357488,0.9982435450301588,0.37973544632358336,0.0
95o,0.0030297342847703562,0.0788895783977757,0.8193482027861818,0.10168107632983654,8.114248620577734e-05,0.825716788945232,0.16947868644336925,0.004723382125192728,8.114248620577734e-05,0.01651231292324619,0.9826168510364238,0.0007896935541241883,8.114248620577734e-05,0.9822562472488593,0.015015637272576151,0.0026469729923588735,8.114248620577734e-05,0.16326864825024195,0.15653945830362712,0.7468272105474563,0.9676012137638478
85o,0.0030183005204907085,0.031404413720444876,0.9596085978400557,0.008905845953293664,8.114248620577734e-05,0.0027988113142060752,0.8747118692358994,0.12240817696368882,8.114248620577734e-05,0.6838438710853101,0.31594138590576765,0.00013360052271649454,8.114248620577734e-05,0.42581997040882713,0.0008005874502321203,0.573298299654735,8.114248620577734e-05,0.6524394573648653,0.8739112817856672,0.11350233101039514,0.5731646991320185
75o,0.00299643869350183,0.5923549713246479,0.12598102813294307,0.2810967339816555,0.0005672665607536528,0.0022928998721182406,0.9971715107335198,0.00045444690815612317,8.114248620577734e-05,0.000680394505568305,0.9983034101265421,0.0009350528816838837,8.114248620577734e-05,0.39752535900863595,0.5411205866369413,0.06127291186821713,8.114248620577734e-05,0.872322381993599,0.45605092409657866,0.871190482600577,0.4571828234896009
65o,0.002982874835202435,0.1519888670927788,0.4048120504530429,0.4431179399679726,8.114248620577734e-05,0.790232363742861,0.2096053512847274,8.114248620577734e-05,8.114248620577734e-05,0.5535474949659204,0.2501952408609262,0.19617612168694745,8.114248620577734e-05,0.6763510271163934,0.027663787702002823,0.2958255524819891,0.00015963269961486392,0.4015586278731417,0.29582290020919233,0.6382434966500823,0.2225314531589236
55,0.004464729101391971,8.114248620577734e-05,8.114248620577734e-05,0.9926726122636059,0.00716510276398256,8.114248620577734e-05,8.114248620577734e-05,0.5202598044449649,0.4795779105826235,8.114248620577734e-05,8.114248620577734e-05,0.9940410571268066,0.005796657900781893,8.114248620577734e-05,0.00045563108911958385,0.949670811317769,0.049792415106905644,0.0013684448632006567,0.42978549547571787,0.472412807818641,0.044370245809037576
54s,0.008838791741356376,0.16119380622241353,0.7732851478783778,0.0653584386943729,0.0001626072048357788,0.0005800302090176179,0.6079505817745523,0.39130678081159426,0.0001626072048357788,0.5865792002902468,0.41320421481707026,0.00013544240647709663,8.114248620577734e-05,0.9995333403477463,0.0002500747595707874,0.00013544240647709663,8.114248620577734e-05,0.42538539406783327,0.9989533101387287,0.32594834211722135,0.41295414005749953
53s,0.008748729593427788,0.021140898371274818,0.9785858999406682,8.114248620577734e-05,0.0001920592018511861,0.6366997432221568,0.12441033936502768,0.2387710161086824,0.00011890130413323232,0.00045093905193576653,0.9972577068151767,0.0018909262843678656,0.0004004278485196955,8.945080364569373e-05,0.6421797905072232,0.35764961620292524,8.114248620577734e-05,0.020689959319339035,0.6366480512364385,0.8542487184733585,0.3557586899185574
52s,0.008436846232518724,8.114248620577734e-05,0.5108198473544625,0.4836815915946121,0.005417418564719661,8.114248620577734e-05,8.114248620577734e-05,0.9926121279305719,0.007225587097016574,8.114248620577734e-05,0.4583861526918193,0.5392238780648646,0.0023088267571103127,0.10854803736936007,0.7836388932636553,0.0975772436717365,0.010235825695248217,0.05554228647025252,0.8950348842588354,0.5107387048682567,0.4416466343931281
A4o,0.003048589629748466,0.7241200925990938,0.27556457613561747,0.00023418877908291984,8.114248620577734e-05,0.40561234298119475,0.16180837362694264,0.4324981409056569,8.114248620577734e-05,0.3103922148834484,0.6883431846602395,0.00118345797010624,8.114248620577734e-05,0.5895461444028814,0.40050903434208596,0.009863678768826843,8.114248620577734e-05,0.41372787771564534,0.42263446213683004,0.4322639521265739,0.28783415031815357
K4o,0.0030383263451918183,0.0052572379757322854,0.9942846838452668,0.0003769356927951181,8.114248620577734e-05,0.00436507242563978,0.9943121358434496,0.0012416492447049827,8.114248620577734e-05,0.03024338554733138,0.8842517245018762,0.08542374746458659,8.114248620577734e-05,0.2325917634804962,0.7422101542203393,0.025116939812958764,8.114248620577734e-05,0.1100329593433906,0.25210198162311026,0.0008921655500925703,0.20234837793316476
Q4o,0.0030300838891443495,0.013399521538074529,0.9598579874543226,0.026661348521397045,8.114248620577734e-05,0.2848033095252855,0.6924333488027784,0.022682199185730563,8.114248620577734e-05,0.9870300582318104,0.01246992732956646,0.00041887195241731203,8.114248620577734e-05,0.2064256004935107,0.5625371010005148,0.2309561560197687,8.114248620577734e-05,0.9736305366937359,0.20827395683403827,0.27140378798721077,0.7806044577382998
J4o,0.003010523121683423,0.10268635455214485,0.8970192362562548,0.00021326670539446627,8.114248620577734e-05,0.6557240559750425,0.34398153483335736,0.00021326670539446627,8.114248620577734e-05,0.4717223905885698,0.527502235652944,0.0006942312722804496,8.114248620577734e-05,0.8528781200948521,0.12050619576831692,0.02653454165062523,8.114248620577734e-05,0.36951700060331083,0.22347533906504044,0.5530377014228975,0.40699603988462707
T4o,0.0030106108780065255,0.09614335332714058,0.6728700653980704,0.23089040841245734,9.617286233173991e-05,0.18273070963312893,0.8127445207946531,0.00444362708601212,8.114248620577734e-05,0.4780901043327209,0.47072329981742744,0.05110545336364574,8.114248620577734e-05,0.15305674035929906,0.7169218603320047,0.12994025682249077,8.114248620577734e-05,0.3819467510055804,0.12549662973647846,0.22646181170257113,0.3250333639734221
94o,0.002999247818911184,0.48904663149943023,0.510791083528158,8.114248620577734e-05,8.114248620577734e-05,0.35168764991673007,0.6323100861241017,0.015921121472962416,8.114248620577734e-05,0.2321227713457606,0.7370007067065645,0.030795379461469208,8.114248620577734e-05,0.5177147087113243,0.27818709122094204,0.20401705758152783,8.114248620577734e-05,0.25692386015366975,0.3541229949031597,0.1373589815827002,0.4588136154856224
84o,0.0029880834387154944,0.3978411203487734,0.47112984899022153,0.13094788817479916,8.114248620577734e-05,0.008457320869178086,0.9913803941584103,8.114248620577734e-05,8.114248620577734e-05,0.09152478155196712,0.9078855657712316,0.0005085101905954545,8.114248620577734e-05,0.16543011881905506,0.832322996347544,0.0021657423471949846,8.114248620577734e-05,0.43675571678101,0.1590573978108662,0.5202505451681887,0.0755625694236875
74o,0.0029662224032688716,0.3151150184940953,0.684279159986985,0.0005246790327139176,8.114248620577734e-05,0.007823451155785852,0.8785107485819325,0.11358465777607622,8.114248620577734e-05,0.10856673928809131,0.8904460545213678,0.0008411160012416421,0.00014609018929907908,0.9986685682516913,0.00023614576573072148,0.0007446285137718909,0.00035065746880601694,0.20654827920600394,0.9911146320785059,0.3072915673383096,0.8903063962431069
64o,0.0029526608655711306,0.18096023547576473,0.8182265967902628,0.000732025247766817,8.114248620577734e-05,0.5571627205846762,0.4420241116813512,0.000732025247766817,8.114248620577734e-05,0.028896891088020443,0.09018056416405981,0.8804274845228078,0.0004950602251119497,0.0748239014254288,0.10067715509595968,0.8240038832534996,0.0004950602251119497,0.8801093770139472,0.823685775744639,0.3762024851089115,0.056423601269308225
54o,0.0029462700089081767,0.002853756118032791,0.972584767032977,0.02448033436278448,8.114248620577734e-05,0.08262979808710523,0.7295883538395966,0.18770070558709243,8.114248620577734e-05,0.086996262710954,0.8514859224508273,0.06108946494640796,0.00042834989181067865,0.35722660494317815,0.2184272362673797,0.402667640870593,0.02167851791884918,0.12109884458214965,0.5111611175722169,0.2429964131933804,0.6330586861834476
44,0.004374080308655107,8.114248620577734e-05,8.114248620577734e-05,0.9702387626169009,0.029598952410687475,8.114248620577734e-05,8.114248620577734e-05,0.9075340146084094,0.0923037004191789,8.114248620577734e-05,0.0011405501688381784,0.9872261706722147,0.011552136672741214,8.114248620577734e-05,8.114248620577734e-05,0.9758400140462133,0.023997700981375138,0.018046815737946253,0.06830599943780384,0.06270474800849145,0.01244556430863386
43s,0.008658085069170625,0.3567264184699875,0.19732635433774617,0.44325679680347724,0.002690430388788967,0.40539787075880723,0.535055260642122,0.0563955227131797,0.0031513458858909906,0.051299139067879314,0.9475241171665867,8.114248620577734e-05,0.001095601279328356,0.4466013766734469,0.21211135533829428,0.33733061184591884,0.003956656142340121,0.7501977628288403,0.3229439053038279,0.3868612740902976,0.7354127618282923
42s,0.008346197677690622,8.114248620577734e-05,0.13979524396971696,0.8550921223039218,0.005031491240155435,8.114248620577734e-05,0.09773012491028896,0.8984765507458913,0.0037121818576140077,8.114248620577734e-05,0.5473745295290995,0.37197613094972354,0.08056819703497135,0.12330238687303809,0.09004526183305255,0.7026885107181353,0.08396384057577397,0.48311599135419836,0.20347290310499233,0.043384428441969436,0.4573292676960468
A3o,0.0030248961572387077,0.4466582083382462,0.5527253642903094,0.0005352848852388516,8.114248620577734e-05,0.3753126396429639,0.5598492113902245,0.06475700648060578,8.114248620577734e-05,0.9983895733118738,0.0003077274618913736,0.0012215567400290688,8.114248620577734e-05,0.48897658697456975,0.510338985822262,0.000603284716962511,8.114248620577734e-05,0.5524176368284179,0.11366394733160579,0.07134556869528216,0.5100312583603706
K3o,0.003008434522343193,0.12272063938046472,0.8760948312618695,0.0011033868714604026,8.114248620577734e-05,0.1003981418014555,0.8993854905866732,0.00013522512566569708,8.114248620577734e-05,0.9962298701239717,0.0002605677950993929,0.003428419594722997,8.114248620577734e-05,0.30201162631274203,0.6978260887148464,8.114248620577734e-05,8.114248620577734e-05,0.8758342634667698,0.2016134845112866,0.023290659324803804,0.6975655209197469
Q3o,0.0030063569944854033,0.33450933875449607,0.6653283762730924,8.114248620577734e-05,8.114248620577734e-05,0.008710611690086634,0.9911271033375019,8.114248620577734e-05,8.114248620577734e-05,0.25210293286556285,0.6491820201029231,0.09863390454530824,8.114248620577734e-05,0.921653789747595,0.07818310636546133,8.196140073771806e-05,8.114248620577734e-05,0.09855276205910246,0.9129439969720404,0.3257987270644095,0.6695508568820323
J3o,0.002980524350918867,0.349821365301375,0.34431156318861666,0.30578592902380247,8.114248620577734e-05,0.1330591799806626,0.6137713664916915,0.2530883110414402,8.114248620577734e-05,0.004487790524750584,0.9946349024731175,0.0007961645159261291,8.114248620577734e-05,0.3206887015823744,0.5270409586646935,0.15218919726672614,8.114248620577734e-05,0.6503233392845008,0.18762952160171192,0.26945980330307473,0.4675939438084239
T3o,0.0029806068083200817,0.0901787524030584,0.90965896262453,8.114248620577734e-05,8.114248620577734e-05,0.3236999780952757,0.45441211939696763,0.2218067600215509,8.114248620577734e-05,0.995687116147328,0.0002463219789449975,0.003985419387521351,8.114248620577734e-05,0.04246093484837929,0.9573581658941817,9.975677123338815e-05,8.114248620577734e-05,0.9094126406455851,0.502946046497214,0.4552468432275624,0.9571118439152366
93o,0.002969502618732987,0.07695252263399686,0.28382818437023133,0.6391381505095659,8.114248620577734e-05,0.2439504966866483,0.7554779621585677,0.00041089023282080877,0.00016065092196308772,0.3857172063868964,0.255447565508613,0.3587540856182848,8.114248620577734e-05,0.15263888791598784,0.5685654836035146,0.27871448599429166,8.114248620577734e-05,0.30876468375289945,0.27830359576147085,0.638727260276745,0.31311791809490164
83o,0.0029580582045670247,0.004936079392407029,0.9944833484762249,0.0004994296451623363,8.114248620577734e-05,0.0011340709771020935,0.9987036440504863,8.114248620577734e-05,8.114248620577734e-05,0.04612458812887765,0.9200044083073888,0.033740859013258295,0.00013014455047481694,0.7876509449823998,0.1819933842866903,0.030225526180435128,0.00013014455047481694,0.07447894016883583,0.8167102597637961,0.004220295574261448,0.741526356853522
73o,0.0029361969996104134,0.011138880993872812,0.9885260004173801,8.114248620577734e-05,0.00025397610254118593,0.21422231586985174,0.7854425655414013,8.114248620577734e-05,0.00025397610254118593,0.044694964934984545,0.23060319774035398,0.7245826912276088,0.00011914609705271774,0.27289241334488495,0.6673917275233311,0.05959671303473112,0.00011914609705271774,0.7580576326825146,0.11818566802355865,0.20308343487597885,0.6649859781928775
63o,0.0029226356056492116,0.003744486394553075,0.717782181614957,0.2783921895042838,8.114248620577734e-05,0.12722439978082964,0.27344190695016274,0.598072329550004,0.0012613637190036428,0.28483697388963747,0.6860310254246227,0.026836271833422205,0.0022957288523178703,0.1616803106350426,0.39631908513465464,0.44081145485933604,0.0011891493709667075,0.2833070738611962,0.15733308903870488,0.4443402746647944,0.41397518302591396
53o,0.0029162448758709276,0.7061907662414108,0.28168206614197144,0.00040513254361787657,0.011722035073000096,0.09143626902983171,0.8975744013775641,8.114248620577734e-05,0.010908187106398497,0.99624155328555,8.114248620577734e-05,8.114248620577734e-05,0.0035961617420385682,0.9962522624989173,8.114248620577734e-05,8.114248620577734e-05,0.0035854525286711813,0.2900507870441392,0.9048159934690856,0.6158923352355927,1.0709213367354189e-05
43o,0.0028860286010029094,8.114248620577734e-05,0.6972132094643487,0.30251300882918786,0.0001926392202575565,0.0007242705069565144,0.9687752906538818,0.028959036775181676,0.0015414020639800464,0.9475994204731247,8.114248620577734e-05,0.03464297689539161,0.01767646014527784,0.43466393978049206,0.5524947030671831,0.004652249717727987,0.00818910743459681,0.9650020989119392,0.4405873746441524,0.2735539720540062,0.5524135605809773
33,0.004284005053936323,8.114248620577734e-05,8.114248620577734e-05,0.9978361100099975,0.002001605017590904,8.114248620577734e-05,8.114248620577734e-05,0.9976119140366458,0.002225800990942613,8.114248620577734e-05,0.00012527421947782164,0.9987382019644759,0.0010553813298404353,8.114248620577734e-05,8.114248620577734e-05,0.8099146147442696,0.18992310028331894,0.0009462236877504737,0.18769729929237627,0.00022419597335168436,0.18886771895347843
32s,0.0082561217647576,8.114248620577734e-05,8.114248620577734e-05,0.26138322779269757,0.7384544872348908,8.114248620577734e-05,8.114248620577734e-05,0.4043545899882093,0.5954831250393791,8.114248620577734e-05,8.114248620577734e-05,0.9965970293685493,0.0032406856590391307,8.114248620577734e-05,8.114248620577734e-05,0.9959792381394383,0.0038584768881501016,0.7352138015758518,0.5916246481512291,0.14297136219551174,0.0006177912291109788
A2o,0.0029209535351987642,0.00029705491427271097,0.9731039132221924,0.026517889377329126,8.114248620577734e-05,0.21777905066203707,0.7415367744675427,0.04052160794012693,0.0001625669302930486,0.28585485647861464,0.7133466415596559,0.0007173594755237073,8.114248620577734e-05,0.003123973827162094,0.9958565090689222,0.0007676935618028188,0.00025182354211280374,0.28555780156434185,0.25440899121319915,0.23156713875464954,0.28273088265145246
K2o,0.002904478032205372,0.2828992893047083,0.31501389357981224,0.38265048236538785,0.019436334750091516,0.3656744347225569,0.6290498611033284,0.003996961292214166,0.0012787428819005218,0.9994461068704807,8.114248620577734e-05,8.114248620577734e-05,0.0003916081571076741,0.21651622413062457,0.783011025226062,8.114248620577734e-05,0.0003916081571076741,0.7165468175657724,0.1539611641227336,0.3968111129413647,0.7829298827398562
Q2o,0.0029024088276845255,0.4766764163364608,0.27650054439277166,0.24674189678456185,8.114248620577734e-05,0.10025970098895284,0.0839578385256072,0.8157013179992341,8.114248620577734e-05,0.43456466341362204,0.5551338749995803,0.010220319100591756,8.114248620577734e-05,8.114248620577734e-05,0.9978421471268124,0.0019955679007761466,8.114248620577734e-05,0.2786333306068087,0.9138843086012051,0.5689594212146724,0.44270827212723196
J2o,0.0028765640116156376,0.4380854720789994,0.2553880893352935,0.2860078412998751,0.02051859728583194,0.00367271141210228,0.7002357893233722,0.29527675390430685,0.0008147453602184822,0.12238087329324933,0.8265152643197877,0.050427405473373516,0.0006764569135896231,0.14151305908033315,0.24308020396116886,0.6146764545826461,0.0007302823758519961,0.5711271749844942,0.45724004834656995,0.45411661259251046,0.5834350603586189
T2o,0.00287664555405943,0.010588759271477137,0.6373243863628877,0.34910703889485795,0.002979815470777168,0.46272642491971533,0.5287610517993547,8.114248620577734e-05,0.008431380794724087,0.18127766703335366,0.8169303487616403,0.00018779404097580004,0.0016041901640304105,0.1956914762455524,0.8025147213364945,0.0002169234531986136,0.001576878964754515,0.350294870160629,0.27388945050413255,0.4575892309721851,0.014442938624421617
92o,0.0028655407057624678,0.08230397373761074,0.30540676438519015,0.6099931913548932,0.0022960705223060407,0.009835015468868077,0.9574359209611072,0.029861267651398685,0.0028677959186260626,0.10574946935612259,0.8793194560582493,0.009179463294773378,0.005751611290854624,0.0019828559056840425,0.9838954060509396,0.012873165393835918,0.0012485726495404205,0.6008137280601197,0.026459485089832438,0.6526008819722371,0.10826965209175277
82o,0.002854096463089066,0.7275808171364504,0.06916121829599822,0.1930687057210648,0.010189258846486705,0.35765130940370116,0.1796955231132846,0.45037582347808086,0.012277344004933424,0.01070165102291946,0.24609252754864655,0.7383639616036309,0.00484185982480293,0.17948330323435996,0.6487116189932407,0.16575984714133793,0.006045230631061634,0.7222265651352145,0.46901609587995596,0.3699295077327492,0.5726041144622932
72o,0.0028322345637362746,0.16882081910714408,0.5470606878524452,0.2833366265220656,0.0007818665183453673,0.0004827183863439475,0.525781834897324,0.4730734227803989,0.0006620239359332596,0.01602281944559687,0.2984599292577256,0.674929222980986,0.010588028315691358,0.0003718942446737033,0.012898037742023293,0.9814791754885774,0.005250892524725424,0.4013987582562666,0.5129946212969709,0.18973679625833337,0.30654995250759143
62o,0.0028186729016320797,0.9054789351341163,0.043183522831108816,0.021561200436881214,0.02977634159789374,0.39140630923639325,0.60693389736131,8.114248620577734e-05,0.0015786509160910242,0.46790265149190724,0.29904765835327807,0.21662060442792752,0.01642908572688717,0.7286271306017051,0.22031763349968342,0.015192616057128234,0.035862619841483166,0.4509235395132156,0.3866162638616265,0.5637503745302013,0.28015801322439393
52o,0.0028122821203068987,8.114248620577734e-05,0.14865184289017233,0.8453653084165221,0.005901706207099416,8.114248620577734e-05,8.114248620577734e-05,0.9977209132606378,0.0021168017669505983,0.15425955466289382,0.6160807151687893,0.18942040265836513,0.04023932750995197,0.25735059610048594,0.3796286957732938,0.3030165116688115,0.06000419645740867,0.6559449057581572,0.6947044015918262,0.15235560484411556,0.23645201939549534
42o,0.002782065810743854,8.114248620577734e-05,0.004049715367466492,0.9942281523439248,0.0016409898024028877,0.008737322706575807,0.603433926126245,0.3463363526224734,0.041492398544705704,0.27946654995264403,0.36089380595091164,0.056745474445263684,0.30289416965118043,0.019148450435773384,0.04057156636575461,0.897046815133055,0.043233168065416966,0.9374826778986611,0.5628623597604904,0.6478917997214514,0.8403013406877912
32o,0.002752040727766573,8.114248620577734e-05,8.114248620577734e-05,0.9989452371263962,0.0008924779011922441,8.114248620577734e-05,8.114248620577734e-05,0.9975238013437197,0.002313913683868791,8.114248620577734e-05,8.114248620577734e-05,0.9983221483974085,0.0015155666301798123,8.114248620577734e-05,8.114248620577734e-05,0.9979142001359645,0.001923514891623839,0.000623088728987605,0.00039039879224492334,0.0014214357826765262,0.00040794826144399784
22,0.003972108648688113,8.114248620577734e-05,8.114248620577734e-05,0.9951700509428381,0.0046676640847503,8.114248620577734e-05,8.114248620577734e-05,0.9833324791383299,0.01650523588925853,8.114248620577734e-05,8.114248620577734e-05,0.9635957241810192,0.036241990846569164,8.114248620577734e-05,8.114248620577734e-05,0.926093016326849,0.07374469870073946,0.031574326761818844,0.05723946281148089,0.011837571804508203,0.03750270785417025
